title,journal,url,authors,doi,search_term,dataset_id
Coupling ensemble weather predictions based on TIGGE database with Grid-Xinanjiang model for flood forecast,Advances in Geosciences,http://centaur.reading.ac.uk/35035/1/adgeo-29-61-2011.pdf,"H.-J. Bao, L.-N. Zhao, Y. He, Z.-J. Li, F. Wetterhall, H. L. Cloke, F. Pappenberger, D. Manful",10.5194/adgeo-29-61-2011,Digital Forecast Database,dataset-643
Ensemble flood forecasting based on ensemble NWP and the GMKHM distributed hydrological model,MATEC Web of Conferences,https://doi.org/10.1051/matecconf/201824601108,"Wang Lili, Bao Hongjun",10.1051/matecconf/201824601108,Digital Forecast Database,dataset-643
The gridding of MOS,,https://zenodo.org/record/1234531,"Glahn, Bob, Gilbert, Kathryn, Cosgrove, Rebecca, Ruth, David P., Sheets, Kari",10.1175/2008waf2007080.1,Digital Forecast Database,dataset-643
Quantile Regression and Clustering Models of Prediction Intervals for Weather Forecasts: A Comparative Study,Forecasting,http://dx.doi.org/10.3390/forecast1010012,"Zarnani, Ashkan, Karimi, Soheila, Musilek, Petr",10.3390/forecast1010012,Digital Forecast Database,dataset-643
"Algorithm to Predict the Rainfall Starting Point as a Function of Atmospheric Pressure, Humidity, and Dewpoint",Climate,http://dx.doi.org/10.3390/cli7110131,"Gutierrez-Lopez, Alfonso, Cruz-Paz, Ivonne, Mandujano, Martin Muñoz",10.3390/cli7110131,Digital Forecast Database,dataset-643
Real-Time Safety Evaluation for Slope during Construction Using Numerical Forecast and Sensor Monitoring Platform,Sensors,http://www.mdpi.com/1424-8220/18/9/2978,"Sherong Zhang, Dejun Hou, Chao Wang, Xuexing Cao, Fenghua Zhang, Fei Pan, Chengbo Du",10.3390/s18092978,Digital Forecast Database,dataset-643
Mathematical Modelling Forecast on the Idling Transient Characteristic of Reactor Coolant Pump,Processes,https://www.mdpi.com/2227-9717/7/7/452,"Xiuli Wang, Yajie Xie, Yonggang Lu, Rongsheng Zhu, Qiang Fu, Zheng Cai, Ce An",10.3390/pr7070452,Digital Forecast Database,dataset-643
A New Hybrid Approach to Forecast Wind Power for Large Scale Wind Turbine Data Using Deep Learning with TensorFlow Framework and Principal Component Analysis,Energies,https://doaj.org/toc/1996-1073,"Mansoor Khan, Tianqi Liu, Farhan Ullah",10.3390/en12122229,Digital Forecast Database,dataset-643
Prospects in managing the distribution and use of energy,E3S Web of Conferences,https://www.e3s-conferences.org/articles/e3sconf/pdf/2019/36/e3sconf_spbwosce2019_02087.pdf,"Alekseeva Natalia, Stroganova Olga",10.1051/e3sconf/201911002087,Digital Forecast Database,dataset-643
Real-time forecasting of typhoon inundation extent in a partially-gauged area through the integration of ARX-based models and a geographic information system,,https://www.hydrol-earth-syst-sci-discuss.net/hess-2016-412/,"Ouyang, Huei-Tau, Chen, Yi-Chun",10.5194/hess-2016-412,Digital Forecast Database,dataset-643
Development and validation of a coastal ocean forecasting system for Puerto Rico and the U.S. virgin islands,Journal of Ocean Engineering and Science,http://www.sciencedirect.com/science/article/pii/S2468013318300573,"M. Solano, M. Canals, S. Leonardi",10.1016/j.joes.2018.08.004,Digital Forecast Database,dataset-643
Application of a Adaptive Neuro-Fuzzy Technique for Projection of the Greenhouse Gas Emissions from Road Transportation,Sustainability,http://dx.doi.org/10.3390/su11226346,"Alhindawi, Reham, Nahleh, Yousef Abu, Kumar, Arun, Shiwakoti, Nirajan",10.3390/su11226346,Digital Forecast Database,dataset-643
Enriching Great Britain's National Landslide Database by searching newspaper archives,Geomorphology,http://dx.doi.org/10.1016/j.geomorph.2015.05.019,"Taylor, Faith E., Malamud, Bruce D., Freeborough, Katy, Demeritt, David",10.1016/j.geomorph.2015.05.019,Digital Forecast Database,dataset-643
Load and Electricity Rates Prediction for Building Wide Optimization Applications,,http://docs.lib.purdue.edu/ihpbc/226,"ElBsat, Mohammad N, Wenzel, Michael J",10.1371/journal.pone.0048695,Digital Forecast Database,dataset-643
What Are Investors Afraid of? Finding the Big Bad Wolf,International Journal of Financial Studies,http://dx.doi.org/10.3390/ijfs7030042,"Barbara Alemanni, Pierpaolo Uberti",10.3390/ijfs7030042,Digital Forecast Database,dataset-643
"Геолого-минерагеническое картирование на золото масштаба 1 : 500 000 Северо-западной части Алтае-Саянской складчатой области (задачи, методика, результаты)",Известия Томского политехнического университета,http://cyberleninka.ru/article/n/geologo-mineragenicheskoe-kartirovanie-na-zoloto-masshtaba-1-500-000-severo-zapadnoy-chasti-altae-sayanskoy-skladchatoy-oblasti-zadachi,"Черных, Александр",,Digital Forecast Database,dataset-643
СОЗДАНИЕ ЦИФРОВОЙ МОДЕЛИ МАССИВА ГОРНЫХ ПОРОД И РЕЗУЛЬТАТЫ ЕЕ ИСПОЛЬЗОВАНИЯ ДЛЯ РЕШЕНИЯ ЗАДАЧ,,http://dx.doi.org/10.25558/vostnii.2019.93.61.009,"Игнатов Ю.М., Гагарин А.А., Мякишева Л.Е.",10.25558/vostnii.2019.93.61.009,Digital Forecast Database,dataset-643
Sistema de previsão da safra de soja para o Brasil,,http://www.alice.cnptia.embrapa.br/handle/doc/126175,"Eduardo Delgado Assad, Fábio Ricardo Marin, Silvio Roberto Evangelista, Felipe Gustavo Pilau, José Renato Bouças Farias, Hilton Silveira Pinto, Jurandir Zullo Júnior",10.1590/S0100-204X2007000500002,Digital Forecast Database,dataset-643
OpenGIS System to Monitor the Impact of Spatial Planning Policies,Romanian Review of Regional Studies,http://rrrs.reviste.ubbcluj.ro/arhive/Artpdf/v4n12008/RRRS041200805.pdf,ANTONIO TACHE,,Digital Forecast Database,dataset-643
Internet of Things: Modem paradigm of health care,Proceedings of the XXth Conference of Open Innovations Association FRUCT,https://fruct.org/publications/fruct21/files/Smo.pdf,"Gennady Smorodin, Olga Kolesnichenko, Yuriy Kolesnichenko, Lydia Myakinkova, Nadezhda Prisyazhnaya, Dariya Yakovleva, Lev Mazelis, Alexander Martynov, Valeriy Pulit, Dariya Danilova, Nikolay Litvak, Sergey Balandin",10.23919/FRUCT.2017.8250198,Digital Forecast Database,dataset-643
A Preliminary Impact Study of Wind on Assimilation and Forecast Systems into the One-Dimensional Fog Forecasting Model COBEL-ISBA over Morocco,Atmosphere,http://dx.doi.org/10.3390/atmos10100615,"Bari, Driss",10.3390/atmos10100615,Digital Forecast Database,dataset-643
"Abiotic Stress  Monitoring,  Forecasting And  Management System",,http://dx.doi.org/10.5281/zenodo.57306,"Gutam, Sridhar, Jain, Rajni, Rao, DVKN, Pannikkar, Preetha, Sarangi, A, Narula, Sapna",10.5281/zenodo.57306,Digital Forecast Database,dataset-643
"Low Code Development Platform Market Revenue, Trends, Opportunities and Demand by 2023",,http://dx.doi.org/10.5281/zenodo.2546442,", Nasir",10.5281/zenodo.2546442,Digital Forecast Database,dataset-643
"Low Code Development Platform Market Revenue, Trends, Opportunities and Demand by 2023",,http://dx.doi.org/10.5281/zenodo.2546441,", Nasir",10.5281/zenodo.2546441,Digital Forecast Database,dataset-643
APPLICATION OF IT-TECHNOLOGIES IN FOREST TAXATION OF SE «ZOLOTONISCHE FOREST FARM»,Вісник Уманського національного університету садівництва,http://www.visnyk-unaus.udau.edu.ua/assets/files/articles/Bulleten2018/1/23.pdf,"Polishchuk V. V., Shemiakin M. V., Shpak V. P., Kozachenko I. V.",10.12731/2218-7405-2015-10-44,Digital Forecast Database,dataset-643
Carbon Footprint and Water Footprint of Electric Vehicles and Batteries Charging in View of Various Sources of Power Supply in the Czech Republic,Environments,http://dx.doi.org/10.3390/environments6030038,"Simona Jursova, Dorota Burchart-Korol, Pavlina Pustejovska",10.3390/environments6030038,Digital Forecast Database,dataset-643
Interpreting the impact of flood forecasts by combining policy analysis studies and flood defence,E3S Web of Conferences,http://dx.doi.org/10.1051/e3sconf/20160703006,"Slomp Robert, Kolen Bas, Westera Hilde, Verweij Jaap, Riedstra Durk",10.1051/e3sconf/20160703006,Digital Forecast Database,dataset-643
Impact of enriched analyses on regional numerical forecasts over southeastern South America during SALLJEX,Revista Brasileira de Meteorologia,http://hdl.handle.net/11336/7360,"Garcia Skabar, Yanina, Nicolini, Matilde",10.1590/0102-778620100248,Digital Forecast Database,dataset-643
Guest Editorial: Environmental Multimedia Retrieval,,https://hal.archives-ouvertes.fr/hal-01373782,"Vrochidis, Stefanos, Karatzas, Kostas D., Karppinen, Ari, Joly, Alexis",10.1007/s11042-016-3256-y,Digital Forecast Database,dataset-643
BIOMETRIC SYSTEM PENETRATION IN RESOURCE CONSTRAINED MOBILE DEVICE,,https://zenodo.org/record/1410793,M.SUJITHRA1 AND DR G. PADMAVATHI,10.5121/ijbb.2013.3104,Digital Forecast Database,dataset-643
"Oral abstracts of the 21st International AIDS Conference 18–22 July 2016, Durban, South Africa",Journal of the International AIDS Society,http://europepmc.org/articles/PMC4960637,"Ericsen, A, Lauck, M, Mohns, M, Dinapoli, S, Mutschler, J, Greene, J, Weinfurter, J, Lehrer-Brey, G, Crosno, K, Peterson, E, Reynolds, M, Wiseman, R, Burwitz, B, Sacha, J, Friedrich, T, Brenchley, J, O'Connor, D, Xu, C, He, T, Haret-Richter, G, Franck, D, Policicchio, B, Brocca-Cofano, E, Ma, D, Stock, J, Tracy, R, Landay, A, Wilson, C, Apetrei, C, Pandrea, I, Wong, EB, Xulu, B, Prakadan, S, Shalek, AK, Lalloo, U, Baijnath, P, Suleman, M, Moodley, V, Mitha, M, Maharaj, P, Costiniuk, C, Nielsen, M, Mhlane, Z, Karim, F, Lewinsohn, D, Ndung'u, T, Pasternak, A, Prins, J, Berkhout, B, Leon-Fuentes, L, Viveros-Rogel, M, Vergara-Mendoza, M, Rodriguez-Castañón, M, Cardenas-Ochoa, A, Tello-Mercado, A, Vega, C, Sierra-Madero, J, Soto-Ramirez, L, Perez-Patrigeon, S, Hensley-Mcbain, T, Cheu, R, Manuzak, J, Zevin, A, Miller, C, Lee, E, Wilson, C, Burgener, A, Klatt, N, Mellins, CA, Abrams, EJ, Dolezal, C, Warne, P, Elkington, K, Bucek, A, Leu, CS, Maskew, M, Bor, J, MacLeod, W, Carmona, S, Sherman, G, Fox, MP, Judd, A, Chappell, E, Doerholt, K, Galli, L, Giaquinto, C, Gibb, D, Goetghebuer, T, Le Coeur, S, Noguera Julian, A, Turkova, A, Goodall, R, Davies, M-A, Sawry, S, Phiri, S, Rabie, H, Eley, B, Fatti, G, Technau, K-G, Tanser, F, Wood, R, Giddy, J, Bolton-Moore, C, Chimbetete, C, Hazra, R, Keiser, O, Stinson, K, Collins, IJ, Cluver, L, Toska, E, Orkin, M, Yakubovich, A, Hodes, R, Sherr, L, Decroo, T, Telfer, B, Das Dores, C, Candrinho, B, Dos Santos, N, Mkwamba, A, Dezembro, S, Jofrisse, M, Ellman, T, Metcalf, C, Hanrahan, C, Keyser, V, Schwartz, S, Soyizwaphi, P, West, N, Mutunga, L, Steingo, J, Bassett, J, Van Rie, A, Abongomera, G, Cook, A, Lamorde, M, Chabala, C, Musiime, V, Thomason, M, Mulenga, V, Colebunders, R, Kityo, C, Walker, S, Gibb, DM, Fox, M, Bor, J, MacLeod, W, Maskew, M, Brennan, A, Stevens, W, Carmona, S, Brocca-Cofano, E, Xu, C, Ma, D, Policicchio, BB, Raehtz, KD, Dunsmore, T, Haret-Richter, GS, Sykes, C, Keele, BF, Kashuba, ADM, Pandrea, I, Apetrei, C, Gulick, R, Wilkin, T, Chen, Y, Landovitz, R, Amico, R, Young, A, Richardson, P, Marzinke, M, Hendrix, C, Eshleman, S, McGowan, I, Andrade, A, Hodder, S, Klingman, K, Chege, W, Rinehart, A, Rooney, J, Andrew, P, McCauley, M, Mayer, K, McGowan, I, Siegel, A, Engstrom, J, Nikiforov, A, Duffill, K, Edick, S, Mitchell, C, Back, D, Else, L, Egan, D, Khoo, S, Williams, P, Brand, RM, Cranston, RD, Grant, R, Fonner, V, Rodolph, M, Liegler, T, Glidden, D, Baggaley, R, Brown, E, Palanee-Philips, T, Marzinke, M, Hendrix, C, Dezutti, C, Soto-Torres, L, Baeten, J, Kharsany, A, Cawood, C, Khanyile, D, Grobler, A, Puren, A, Kufa-Chakeza, T, Samsunder, N, Frohlich, J, Abdool Karim, Q, George, G, Govender, K, Toledo, C, Chipeta, Z, Zembe, L, Glenshaw, M, Madurai, L, Bere, A, Deyde, V, Riche, B, Maman, D, Wanjala, S, Mendiharat, P, Hennequin, W, Vandenbulcke, A, Mukui, I, Subtil, F, Ecochard, R, Marty, L, Cazein, F, Pillonel, J, Costagliola, D, Supervie, V, Nelson, R, Thompson, R, Casavant, I, Pals, S, Bonzela, J, Mugabe, D, Come, J, Ujamaa, D, Cardoso, J, Auld, A, Maculuve, B, Wei, S, Shodell, D, MacKellar, D, Bor, J, Brennan, A, Fox, MP, Maskew, M, Stevens, W, Carmona, S, MacLeod, W, Logie, C, Daniel, C, Wang, Y, Bozinoff, N, Fast, D, Long, C, Kerr, T, Small, W, Pannetier, J, Ravalihasy, A, Le Guen, M, Lydié, N, Dray-Spira, R, Bajos, N, Lert, F, Desgress du Lou, A, Kuo, C, Operario, D, Hoare, J, Underhill, K, Giovenco, D, Atujuna, M, Mathews, C, Stein, D, Brown, L, Hecht, J, Plenty, A, Lin, J, Charlebois, E, Igonya, E, Ndimbii, J, Guise, A, Owiti, F, Rhodes, T, Strathde, S, Deuba, K, Anderson, S, Ekström, AM, Pandey, SR, Shrestha, R, Karki, DK, Marrone, G, Lyons, C, Diouf, D, Drame, F, Kouamé, A, Ezouatchi, R, Bamba, A, Thiam, M, Liestman, B, Ketende, S, Baral, S, Gibbs, A, Dunkle, K, Khumalo, T, Ntini, N, Washington, L, Mbatha, N, Chirwa, E, Willan, S, Sikweyiya, Y, Jama-Shai, N, Jewkes, R, Groves, AK, McNaughton Reyes, HL, Moodley, D, Maman, S, Bukowski, L, Coulter, R, Riley, N, Buehler, S, Hoffmann, C, Gehr-Seloover, A, Faden, R, Gilbert, S, Sullivan, K, Cadigan, J, Krubiner, C, Namey, E, Little, M, Lyerly, A, Mastroianni, A, Rao, A, Baral, S, Phaswana-Mafuya, N, Lambert, A, Kose, Z, Mcingana, M, Holland, C, Ketende, S, Schwartz, S, Masvawure, TB, Lafort, Y, Chabeda, S, Restar, A, Gichangi, P, Tocco, J, Sandfort, T, Mantell, J, Tam, A, Tumwekwase, G, Kabunga, E, Russell, S, Seeley, J, Li, C, Zhao, Y, Zhang, H, Cheng, Z, Hong, P, Liang, X, Gaoshan, J, Li, L, Tang, K, Carrasco, MA, Kennedy, C, Barrington, C, Perez, M, Donastorg, Y, Kerrigan, D, Hartson, K, Sherman, D, Mofelehetsi, S, Ncheke, T, Khasoane, M, Wong, JP-H, Fung, K, Hui, C, Luyombya, H, Bisignano, A, Maitland, D, Poon, K, Li, AT-W, Perez-Brumer, A, McLean, S, Silva-Santisteban, A, Huerta, L, de la Grecca, R, Mayer, KH, Sanchez, J, Lama, JR, Reisner, SL, Bonnington, O, Wamoyi, J, Ddaaki, W, Bukenya, D, Odongo, F, Skovdal, M, McLean, E, Nyamukapa, C, Moshabela, M, Wringe, A, Chapman, S, Kayuni Chihana, N, Scheepers, E, Schmitz, K, Joseph, J, Suggu, K, Hariharan, N, Esiru, G, Yavuz, E, Gross, J, Mirembe, B, Sherr, K, Silvis Rustagi, A, Gimbel, S, Nduati, R, Cuembelo, F, Kone, A, Farquhar, C, Wasserheit, J, Gloyd, S, de Schacht, C, Kamanga, E, Banda, G, Mofolo, I, Mwale, G, Mwale, M, Chikonda, J, Sherman, J, Chinkonde, J, Herce, M, Ng'oma, K, Mtileni, T, Odongo, I, Robinson, P, Mogashoa, M, Bhardwaj, S, Holele, P, Pillay, Y, Goga, A, Jackson, D, Lombard, C, Ramokolo, V, Ngandu, N, Sherman, G, Puren, A, Doherty, T, Bhardwaj, S, Noveve, N, Ramraj, T, Magasana, V, Singh, Y, Pillay, Y, Kroon, E, Ananworanich, J, Eubanks, K, Intasan, J, Pinyakorn, S, Chomont, N, Lewin, SR, Palmer, S, Trautmann, L, Yang, H, Chomchey, N, Phanuphak, N, Cooper, K, Phanuphak, P, de Souza, M, Bekker, L-G, Laher, F, Moodie, Z, Tomaras, G, Grunenberg, N, Allen, M, Daniels, B, Innes, C, Mngadi, K, Malahleha, M, Gilbert, P, Michael, N, Phogat, S, Diaz Granados, C, Kanesa-Thasan, N, Corey, L, Gray, G, McElrath, J, Cowan, F, Davey, C, Mushati, P, Mtetwa, S, Chiyaka, T, Chabata, S, Fearon, E, Napierala Mavedzenge, S, Cambiano, V, Masuka, N, Chemhuru, M, Dirawo, J, Hanisch, D, Hatzold, K, Mugurungi, O, Busza, J, Phillips, A, Hargreaves, J, Hosek, S, Landovitz, R, Rudy, B, Kapogiannis, B, Siberry, G, Rutledge, B, Liu, N, Brothers, J, Rooney, J, Wilson, CM, Mera, R, McCallister, S, Palmer, B, Mayer, G, Magnuson, D, Rawlings, K, Stieh, DJ, Matias, E, Fought, AJ, Marx, PA, Veazey, RS, Hope, TJ, Ngcapu, S, Carias, AM, Liebenberg, LJ, Werner, L, Cianci, GC, McRaven, M, Sibeko, S, Garrett, NJ, Kriek, J-M, McKinnon, LR, Abdool Karim, S, Abdool Karim, Q, Passmore, J-AS, Hope, TJ, Raehtz, K, Haret-Richter, G, Ling Xu, C, Policicchio, B, Barrenas, C, Ma, D, Wijewardana, V, Brocca-Cofano, E, Stock, J, Trichel, A, Keele, B, Estes, J, Katze, M, Pandrea, I, Apetrei, C, Ndhlovu, Z, Nkosi, T, Mewalal, N, Ismail, N, Moodley, A, Dong, K, Ndun'gu, T, Walker, BD, Martin, GE, Pantazis, N, Hoffmann, M, Hickling, S, Hurst, J, Meyerowitz, J, Willberg, CB, Robinson, N, Brown, H, Fisher, M, Kinloch, S, Babiker, A, Weber, J, Nwokolo, N, Fox, J, Fidler, S, Phillips, R, Frater, J, and Cherub Investigators, SPARTAC, van den Berg, K, Vermeulen, M, Xulu, T, McClure, C, Ingram, C, Beck, G, Stone, M, Busch, MP, Custer, B, Murphy, EL, Recipient Epidemiology and Donor Evaluation Study III (Reds III), NHLBI, Garrett, N, Norman, E, Asari, V, Naicker, N, Majola, N, Leask, K, Abdool Karim, Q, Abdool Karim, S, Onoya, D, Sineke, T, Brennan, A, Fox, MP, Datong, P, Jaspan, H, Osawe, S, Gatei, J, Coombs, J-A, Muldoon, KA, Mallick, R, Gray, C, Rosenthal, K, Cameron, DW, Abimiku, A, Zash, R, Souda, S, Leidner, J, Binda, K, Hick, C, Powis, K, Makhema, J, Mmalane, M, Essex, M, Lockman, S, Shapiro, R, Jao, J, Kacanek, D, Williams, P, Geffner, M, Livingston, EG, Sperling, RS, Patel, K, Bardeguez, A, Burchett, S, Chakhtoura, N, Scott, GB, Van Dyke, R, Abrams, EJ, Narendran, G, Ramesh Kumar, S, Padmapriyadarsini, C, Gomathi, NS, Menon, PA, Sekar, L, Devarajulu Reddy, S, Chandra, S, Hemanth Kumar, AK, Kumar, S, Sekar, S, Ravichandran, N, Raja, K, Lavanya, J, Sridhar, R, Lakshmi, M, Mahilmaran, A, Swaminathan, S, Atuhumuza, E, Yoon, C, Katende, J, Asege, L, Mwebe, S, Andama, A, Armstrong, D, Dowdy, D, Kamya, M, Semitala, FC, Cattamanchi, A, Ward, A, Barr, D, Schutz, C, Burton, R, Boulle, A, Maartens, G, Wilkinson, RJ, Meintjes, G, Flick, R, Simon, K, Munthali, A, Dimba, A, Kim, M, Kazembe, P, Hosseinipour, M, Ahmed, S, Merle, CS, Floyd, S, Ndiaye, A, Galperine, T, Furco, A, De Jong, BC, McIlleron, H, Glynn, J, Sarr, M, Bah-sow, O, Affolabi, D, behalf of the Rafa Team, on, Bräu, N, Wyles, D, Kottilil, S, Darr, E, Workowski, K, Luetkemeyer, A, Adeyemi, O, Ruane, P, Doehle, B, Huang, KC, Osinusi, A, McNally, J, Natha, M, Guion, M, McLean, T, Brainard, DM, McHutchison, JG, Naggie, S, Sulkowski, M, Mogalian, E, Luetkemeyer, A, Naik, S, Natha, M, Stamm, L, Osinusi, A, Shen, G, Sajwani, K, Mcnally, J, Mathias, A, Kouamé, MG, Moh, R, Boyd, A, Badjé, A, Gabillard, D, N'takpé, JB, Maylin, S, Eholié, SP, Anglaret, X, Danel, C, Rockstroh, JK, Orkin, C, Viani, RM, Wyles, D, Luetkemeyer, A, Lazzarin, A, Soto-Malave, R, Nelson, M, Bhagani, SR, Klinker, HHF, Rizzardini, G, Girard, P-M, Shulman, NS, Hu, YB, Fredrick, LM, Trinh, R, Gane, E, Kourtis, A, Wang, L, Wiener, J, Liang, S, Wei, X, Liu, W, Chen, L, Shepard, C, Wang, A, Zhang, F, Bulterys, M, study Group, TIP, Molina, J-M, Charreau, I, Spire, B, Cotte, L, Chas, J, Capitant, C, Tremblay, C, Rojas-Castro, D, Cua, E, Pasquet, A, Bernaud, C, Rozenbaum, W, Delaugerre, C, Doré, V, Le Mestre, S, Simon, M-C, Delfraissy, J-F, Meyer, L, Hucks-Ortiz, C, Lucas, JP, Wheeler, DP, Fields, SD, Wheeler, D, Fields, S, Nelson, L, Hightow-Weidman, L, Magnus, M, Shoptaw, S, Beauchamp, G, Emel, L, Piwowar-Manning, E, Chen, Y, Watkins, P, Mayer, K, Baeten, J, Heffron, R, Kidoguchi, L, Mugo, N, Katabira, E, Bukusi, E, Asiimwe, S, Morton, J, Ngure, K, Bulya, N, Odoyo, J, Tindimwemba, E, Haberer, J, Marzinke, M, Donnell, D, Celum, C, Petersen, M, Balzer, L, Kwarsiima, D, Sang, N, Chamie, G, Ayieko, J, Kabami, J, Owaraganise, A, Liegler, T, Mwangwa, F, Kadede, K, Jain, V, Plenty, A, Lavoy, G, Black, D, Bukusi, E, Cohen, C, Clark, T, Charlebois, E, Kamya, M, Havlir, D, Study Team, SEARCH, Radix, A, Carneiro, P, Stephanos, S, Mosher, S, Meacher, P, Belkind, U, Evans-Frantz, I, Brigham, F, Fortenberry, A, Comstock, L, Vail, R, Weiss, S, Pena, S, Golub, S, Garofalo, R, Kuhns, L, Reisner, S, Biello, K, Mimiaga, M, Bukowski, L, Meanley, S, Egan, J, Matthews, D, Stall, R, Bauer, GR, Shokoohi, M, Hammond, R, Scheim, AI, Slogrove, A, Judd, A, Leroy, V, Naidoo, S, Sartorius, B, de Vries, H, Taylor, M, Pettifor, A, Wang, J, Selin, A, Hughes, J, Gómez-Olivé, X, Wagner, R, MacPhail, C, Kahn, K, Kann, L, Olsen, E, McManus, T, Zaza, S, Mulligan, K, Hosek, S, Kapogiannis, BG, Landovitz, RJ, Liu, N, Cofield, SS, Perumean-Chaney, SE, Havens, PL, Rutledge, B, Wilson, CM, for Hiv/aids Interventions Protocol 110 Team, Adolescent Trials Network (ATN, Marshall, B, Tate, J, McGinnis, K, Fiellin, D, Bryant, K, Justice, A, Springer, S, Azar, M, Barbour, R, Krishnan, A, Altice, F, DiPaola, A, Baghazal, AA, Tariko, L, Shikely, K, Patta, S, Omar, B, Musyoki, H, Bertrand, S, Abdallah, S, Stone, J, Brooks-Pollock, E, Altice, FL, Azbel, L, Smyrnov, P, Martin, NK, Vickerman, P, Borquez, A, Abramovitz, D, Beletsky, L, Vickerman, P, Gonzales-Zuñiga, P, Rangel, G, Hickman, M, Strathdee, SA, Martin, N, Wall, K, Kilembe, W, Vwalika, B, Haddad, L, Htee Khu, N, Brill, I, Vwalika, C, Chomba, E, Tichacek, A, Allen, S, Darbes, L, McGrath, NM, Johnson, MO, Hosegood, V, Fritz, K, Ngubane, T, van Rooyen, H, Ruark, A, Brewster-Lee, D, Hembling, J, Rhoe Davis, V, Renju, J, Wringe, A, Crampin, AC, Koole, O, Nyirenda, C, Namadingo, H, McLean, E, Li, L, Liang, L-J, Lin, CQ, Xiao, Y, Ji, GP, Irani, L, McGinn, E, Mellish, M, Mtema, O, Dindi, P, Imakit, R, Ajok, S, Talima, D, Namakula, A, Allen, H, Fair, C, Trexler, C, D'Angelo, L, Stadler, J, Chikandiwa, A, Mayaud, P, Rees, H, Imrie, J, Delany-Moretlwe, S, Taylor, T, Oberth, G, Mumba, O, Bhayani, L, Russell, A, Mwanza, F, Milanga, M, Nandelenga, R, Namutamba, D, Albert-Hope, C, Gustav, R, Simon, Y, Castellanos, E, Irwin, R, Holloway, IW, Steward, WT, Mortimer, J, Curtis, P, Van Gorder, D, Leibowitz, A, Morin, S, Mulhern-Pearson, C, Donnelly, A, King, AJ, Fox, A, Pulsipher, C, Evans, D, Lemp, G, Baral, S, Lyons, C, Sullivan, E, Kurani, S, Sherwood, J, Millett, G, MacAllister, J, Zanolini, A, Chipungu, J, Bosomprah, S, Mafwenko, M, Holmes, C, Thirumurthy, H, Qin, Y, Liu, F, Tang, W, Tang, S, Liu, C, Mao, J, Zhang, W, Taege, A, Nowacki, A, Wei, C, Tucker, J, Madanhire, C, Sibanda, E, Ruhode, N, Hatzold, K, Cowan, FM, Mavedzenge, SN, Manjezi, N, Fatti, G, Mothibi, E, Shaikh, N, Oyebanji, O, Grimwood, A, Sibanda, EL, Tumushime, M, Mufuka, J, Gudukeya, S, Napierala Mavedzenge, S, Bautista-Arredondo, S, Thirumurthy, H, McCoy, S, Padian, N, Hatzold, K, Copas, A, Cowan, FM, Dougherty, G, Clarke, K, Fayorsey, R, Kamonga, M, Kimambo, S, Lutkam, D, Madevu-Matson, C, Mtiro, H, Msuka, S, Mugisha, V, Panya, M, Ramadhani, A, Sipemba, J, Urasa, P, Rabkin, M, Granich, R, Gupta, S, Hall, I, Aberle-Grasse, J, Hader, S, Mermin, J, Koenig, S, Dorvil, N, Severe, P, Riviere, C, Faustin, M, Perodin, C, Paul, C, Apollon, A, Saintil, G, Duverger, L, Dumont, E, Hedt-Gauthier, B, Hennessey, K, Rivera, V, Devieux, J, Pape, JW, Kitheka, M, Curran, K, Gathii, P, Mudany, M, Bii, S, Bor, J, Ahmed, S, Fox, MP, Rosen, S, Katz, I, Tanser, F, Pillay, D, Bärnighausen, T, MacKellar, D, Maruyama, H, Weber, R, Ernest, O, Porter, S, Gikaro, J, Alexander, G, Kundi, G, Byrd, J, Kazaura, K, Mbilinyi, D, Morales, F, Justman, J, Josiah, R, McNairy, M, Lamb, M, Gachuhi, A, Nuwagaba-Biribonwoha, H, Burke, S, Mazibuko, S, Okello, V, Ehrenkranz, P, Sahabo, R, El-Sadr, W, Study Group, Link4Health, Dhodho, M, Frieden, M, Shroufi, A, Wanjiru, E, Daho, S, Simons, E, Bygrave, H, Giuliani, R, Torrens, A, Molfino, L, Silva, C, Ellman, T, Magaia, A, van Dijk, J, Kamenova, K, Shamu, A, Pfeiffer, K, Hobbins, M, Ehmer, J, Murungu, J, Barnabas, R, Coombs, R, Chang, M, Schaafsma, T, Asiimwe, S, Thomas, K, Baeten, J, Celum, C, Moyo, S, Mohammed, T, Wirth, K, Bennett, K, Holme, MP, Mupfumi, L, Sebogodi, P, Moraka, NO, Boleo, C, Maphorisa, CN, Seraise, B, Gaseitsiwe, S, Musonda, RM, van Widenfelt, E, Powis, KM, Gaolathe, T, Tchetgen Tchetgen, EJ, Makhema, JM, Essex, M, Lockman, S, Novitsky, V, Brigstock-Barron, O, Logan, L, Sowerbutts, H, Womack, V, Osman, M, Anderson, J, Nardone, A, Pinkevych, M, Reynaldi, A, Fennessey, C, Reid, C, Nadella, P, Lipkey, L, Newman, L, Ayala, V, Jain, S, Del Prete, G, Estes, J, Ott, D, Lifson, J, Ohlen, C, Keele, B, Davenport, M, Kaminski, R, Hu, W, Karn, J, Khalili, K, Peterson, CW, Wang, J, Polacino, P, Hu, S-L, Holmes, MC, Kiem, H-P, Bozzi, G, Watters, S, Simonetti, FR, Anderson, E, Gorelick, R, Shao, W, Bell, J, Rehm, C, Dewar, R, Yarchoan, R, Uldrick, T, Maldarelli, F, Wensing, AM, Diez-Martin, JL, Huetter, G, Kuball, J, Kwon, M, Nijhuis, M, Saez-Cirion, A, Rocha, V, Salgado, M, Schulze zur Wiesch, J, Stam, A, Martinez-Picado, J, Huang, L, Lai, W, Zhu, L, Chen, C-H, Felber, BK, Hu, X, Valentin, A, Dayton, F, Cai, Y, Rosati, M, Alicea, C, Sardesai, NY, Gautam, R, Martin, MA, Mullins, JI, Pavlakis, GN, Koofhethile, CK, Ndhlovu, Z, Thobakgale, C, Prado, J, Ismail, N, Mncube, Z, Mkhize, L, van der Stok, M, Yende, N, Walker, BD, Goulder, PJR, Ndung'u, T, Cohort, Sinikithemba, Worley, MJ, Kelleher, AD, Kent, SJ, Chung, AW, Okala, SG, King, D, Shattock, R, He, T, Policicchio, B, Brocca-Cofano, E, Stock, J, Xu, C, Raehtz, K, Gaufin, T, Gautam, R, Pandrea, I, Apetrei, C, Mylvaganam, G, Hicks, S, Lawson, B, Nega, M, Velu, V, Ahmed, R, Freeman, G, Amara, RR, Steele, SJ, Arellano, G, Ellman, T, Shroufi, A, Van Cutsem, G, Oldenburg, C, Bor, J, Tanser, F, Mutevedzi, T, Shahmanesh, M, Seage, G, De Gruttola, V, Mimiaga, M, Mayer, K, Pillay, D, Bärnighausen, T, Currier, J, Britto, P, Hoffman, R, Brummel, S, Masheto, G, Joao, E, Santos, B, Aurpibul, L, Losso, M, Pierre, MF, Weinberg, A, Chakhtoura, N, Browning, R, Coletti, A, Shapiro, D, Pilotto, J, Munderi, P, Were, E, Avihingsanon, A, Abena Messomo Mbida, P, Mohapi, L, Samba, BM, Jansen, M, Mohammed, P, Sawyerr, G, Barnes, P, van Delft, Y, Laker Agnes Odongpiny, E, Nalwanga, D, Kaimal, A, Kiragga, A, Nabaggala, SM, Castelnuovo, B, Parkes-Ratanshi, R, Stranix-Chibanda, L, Brummel, S, Angelidou, K, Tierney, C, Coletti, A, McCarthy, K, Pilotto, J, Mutambanengwe, M, Chanaiwa, V, Mhembere, T, Kamateeka, M, Masheto, G, Chamanga, R, Maluwa, M, Hanley, S, Joao, E, Theron, G, Chandawale, A, Nyathi, M, Santos, B, Aurpibul, L, Mubiana-Mbewe, M, Oliveira, R, Basar, M, Chakhtoura, N, Browning, R, Currier, J, Fowler, MG, Molina, J-M, Grund, B, Gordin, F, Williams, I, Schechter, M, Losso, M, Law, M, Ekong, E, Mwelase, N, Skoutelis, A, Wiselka, MJ, Vanderkerckhove, L, Benfield, T, Munroe, D, Lundgren, J, Arenas-Pinto, A, Grund, B, Sharma, S, Martinez, E, Cummins, N, Fox, J, Klingman, KL, Sedlacek, D, Collins, S, Flynn, PM, Chasanov, WM, Kedem, E, Katlama, C, Sierra-Madero, J, Ormaasen, V, Brouwers, P, Cooper, D, Lake, JE, Trottier, B, Garcia-Diaz, J, Edelstein, H, Kumar, P, Bredeek, UF, Loutfy, M, Brennan, C, Koteff, J, Wynne, B, Hopking, J, Aboud, M, Kerrigan, D, Mantsios, A, Margolis, D, Murray, M, Orrell, C, Hagins, D, Belonosova, E, Porteiro, N, Walmsley, S, Falcó, V, Man, C, Aylott, A, Buchanan, A, Wynne, B, Vavro, C, Aboud, M, Smith, K, Margolis, D, Podzamczer, D, Stellbrink, H-J, Lutz, T, Angel, J, Richmond, G, Clotet, B, Gutierrez, F, Sloan, L, Griffith, S, St Clair, M, Dorey, D, Ford, S, Mrus, J, Crauwels, H, Smith, K, Williams, P, Spreen, W, Bavinton, BR, Phanuphak, N, Jin, F, Zablotska, I, Grinsztejn, B, Prestage, G, Grulich, AE, Attract Study Group, Opposites, Couderc, C, Dembélé Keita, B, Anoma, C, Wade, AS, Ouédraogo, A, Coulibaly, A, Ehouman, S, Diop, AK, Somda, M, Yomb, Y, Henry, E, Spire, B, Laurent, C, Mendizabal-Burastero, R, Galindo-Arandi, C, Yancor, MP, Vela, I, Aguilar-Martinez, JM, Paz-Bailey, G, Hoots, B, Xia, M, Finlayson, T, Prejean, J, Purcell, D, Hightow-Weidman, L, Magnus, M, Beauchamp, G, Hurt, C, Shoptaw, S, Emel, L, Piwowar-Manning, E, Mayer, K, Nelson, L, Wilton, L, Watkins, P, Fields, S, Wheeler, D, Tong, C, Suzan-Monti, M, Sagaon-Teyssier, L, Ossanga, O, Laurent, C, Maradan, G, Ambani, A, Vidal, L, Spire, B, Boyer, S, Phillip, R, Mudzviti, T, Shamu, T, Chimbetete, C, Rakhmanina, N, Corrigan, B, Kose, J, Manson, K, Cawley, C, Oti, S, Njamwea, B, Nyaguara, A, Odhiambo, F, Otieno, FO, Njage, M, Shoham, T, Church, K, Todd, J, Zaba, B, Wringe, A, (analysing Longitudinal Population-Based Hiv/aids Data on Africa) Network, ALPHA, Bivol, S, Catranji, V, Caraulan, L, Lucas, J, Karuna, S, Hinson, K, Sista, N, Yola, N, Ntombela, F, Mgodi, N, Luthuli, N, Wakefield, S, Andrew, P, Greene, E, Delany-Moretlwe, S, Gray, G, White, R, McCoy, SI, Njau, P, Fahey, C, Czaicki, N, Kapologwe, N, Kadiyala, S, Dow, W, Jewell, N, Padian, N, Jagessar, N, Papua, L, Ndunda, E, Wijne, M-L, Hendriks, S, Khoza, N, Stadler, J, MacPhail, C, Chikandiwa, A, Brahmbhatt, H, Delany-Moretlwe, S, Toska, E, Cluver, LD, Boyes, ME, Isaacsohn, M, Hodes, R, Sherr, L, Wakho Cohort Study, Mzantsi, Gauer Bermudez, L, Jennings, L, Ssewamala, F, Nabunya, P, Mellins, C, McKay, M, Fagan, T, Zulu, C, Zeng, W, Menon, V, Korenromp, E, Haacker, M, Turay, M, Rotich, K, Strauss, M, Barihuta, T, Semini, I, Stover, J, Nitschke, A-M, Forster, N, Poku, N, Dutta, A, Barker, C, Lazar, L, Grosso, A, Millett, G, Honermann, B, Sherwood, J, MacAllister, J, Lindsey, K, Chandra, C, Blumenthal, S, Lyons, C, Baral, S, Donaldson, E, Mattur, D, Fisher, K, Harmon, T, Harrison, P, Izazola-Licea, JA, Naeveke, A, Warren, M, Irani, L, McGinn, E, Mellish, M, Mtema, O, Dindi, P, Faye, S, Johns, B, Baruwa, E, Ambrose, K, Bassett, I, Hong, T, Drain, P, Govere, S, Thulare, H, Krows, M, Moosa, M-Y, Mhlongo, B, Wexler, D, Huang, M, Frank, S, Hyle, E, Parker, R, Mukuye, A, Lukoda, N, Crandall, B, Bryant, H, Oliveras, E, Colua, E, Marinda, E, Campbell, JR, Gustafson, K, Jalan, P, Ngauv, B, Sovannarith, S, Wilhelm, A, Sopheap, S, Vichea, C, Middlecote, C, Sun, LP, Kgwaadira, B, Katlholo, T, Fiebig, L, Boyd, R, Wame, M, Kuate, L, Agegnehu, D, Dikobe, W, Sangrujee, N, Petlo, C, Nkomo, B, Avalos, A, Skiles, M, Phillips, H, Wuhib, T, Finlay-Vickers, A, Stegman, P, Kripke, K, Njeuhmeli, E, Samuelson, J, Schnure, M, Dalal, S, Farley, T, Hankins, C, Thomas, A, Reed, J, Bock, N, Durand-Zaleski, I, Mutuon, P, Charreau, I, Temblay, C, Rojas, D, Chas, J, Chidiac, C, Capitant, C, Spire, B, Meyer, L, Molina, JM, Ipergay, ANRS, Luz, PM, Osher, B, Grinsztejn, B, MacLean, RL, Losina, E, Struchiner, CJ, Parker, RA, Freedberg, KA, Mesquita, F, Walensky, RP, Veloso, VG, Paltiel, AD, Shiino, T, Hattori, J, Sadamasu, K, Nagashima, M, Hachiya, A, Sugiura, W, Yoshimura, K, Villaran, M, Brezak, A, Ahmed, S, Ulrich, A, Duerr, A, Herbeck, J, Mullins, J, Seto, E, Morgan, E, Nyaku, A, D'Aquila, R, Schneider, J, de Oliveira, T, Khumalo, P, Cawood, C, Dellar, R, Tanser, F, Hunt, G, Grobler, A, Kharsany, A, Madurai, L, Abdool Karim, Q, Abdool Karim, S, Hora, B, Gulzar, N, Chen, Y, Cai, F, Su, C, Karagiannis, K, Smith, K, Simonyan, V, Shah, SA, Ahmed, M, Sanchez, AM, Stone, M, Cohen, MS, Haynes, BF, Busch, MP, Mazumder, R, Denny, TN, Gao, F, Hakim, J, Musiime, V, Szubert, AJ, Siika, A, Mallewa, J, Agutu, C, Pett, SL, Bwakura-Dangarembizi, M, Lugemwa, A, Kaunda, S, Karoney, M, Maitland, K, Griffiths, A, Kityo, C, Mugyenyi, P, Prendergast, AJ, Walker, AS, Gibb, DM, Kityo, C, Siika, A, Szubert, AJ, Mallewa, J, Bwakura-Dangarembizi, M, Kabahenda, S, Mwaringa, S, Pett, SL, Griffiths, A, Lugemwa, A, Wachira, S, Musoro, G, Rajapakse, C, Etyang, T, Abach, J, Wavamunno, P, Nyondo-Mipando, L, Reid, A, Nathoo, K, Hakim, J, Gibb, DM, Walker, AS, Cahn, P, Kaplan, R, Sax, P, Squires, K, Molina, J-M, Avihingsanon, A, Ratanasuwan, W, Rojas, E, Rassool, M, Xu, X, Rodgers, A, Rawlins, S, Nguyen, B-Y, Leavitt, R, Teppler, H, Cahn, P, Rolón, MJ, Figueroa, MI, Gun, A, Patterson, P, Sued, O, Patel, VV, Rawat, S, Lelutiu-Weinberger, C, Dange, A, Kamath, C, Poojary, R, Bisht, M, Golub, SA, Jamil, MS, Prestage, G, Fairley, CK, Grulich, AE, Smith, KS, Chen, M, Holt, M, McNulty, AM, Bavinton, BR, Conway, DP, Wand, H, Keen, P, Bradley, J, Kolstee, J, Batrouney, C, Russell, D, Law, M, Kaldor, JM, Guy, RJ, Shenoi, S, Moll, A, Madi, J, Guddera, V, Madondo, T, Turner, D, Brooks, R, Kyriakides, T, Andrews, L, Friedland, G, Thirumurthy, H, Masters, S, Obonyo, B, Napierala Mavedzenge, S, Maman, S, Omanga, E, Agot, K, Iwuji, C, Orne-Gliemann, J, Balestre, E, Larmarange, J, Thiebaut, R, Tanser, F, Okesola, N, Makowa, T, Dreyer, J, Herbst, K, Mc Grath, N, Barnighausen, T, Boyer, S, De Oliveira, T, Rekacewicz, C, Bazin, B, Newell, M-L, Pillay, D, Dabis, F, Bernard, EJ, Eba, P, Kazatchkine, C, Müller, A, Daskilewicz, K, Spencer, S, Meer, T, Artz, L, Saha, A, Grant, C, Patel, P, Getahun, M, Sellers, T, Ndeogo, TS, Blantari, J, Awotwi, E, Saunders, P, Outlaw, S, Demeri, D, McCracken, J, Hagos, K, King, C, Shubert, V, Daskalakis, D, Tietz, D, Harrington, M, Smith, K, Ferrusi, C, Kavanagh, M, Bhardwaj, K, Tomlinson, C, Hu, Y, Waterhouse, C, Rutter, L, Amin, T, Radhakrishnan, P, Mellouk, O, Di Giano, L, Babikhina, K, Golovin, S, Fonseca, E, Bastos, F, Siegler, A, Liu, A, Mayer, K, Thure, K, Fish, R, Andrew, E, Gelman, M, Sullivan, P, Mansoor, LE, Abdool Karim, Q, Mngadi, KT, Montague, C, Yende-Zuma, N, Dawood, H, Gengiah, TN, Samsunder, N, Baxter, C, Schwartz, JL, Doncel, GF, Ntombela, F, Grobler, A, Abdool Karim, SS, Wyatt, MA, Pisarski, EE, Tam, M, Nakku-Joloba, E, Muwonge, TR, Katabira, E, Ware, NC, Gibson, S, Crouch, P-C, Hecht, J, Gagliano, J, Patriarca, T, Auerbach, J, Grant, R, Lyon, W, Hall, C, Zablotska, I, Grulich, AE, Guy, R, Amin, J, Selvey, C, Schmidt, H-M, Price, K, Cooper, D, Study Group, EPIC-NSW, Mugwanya, K, Heffron, R, Wyatt, C, Mugo, N, Celum, C, Kiarie, J, Katabira, E, Ronald, A, Baeten, J, Cawley, C, Nicholas, S, Szumilin, E, Perry, S, Amoros Quiles, I, Masiku, C, Wringe, A, Jefferys, LF, Hector, J, Hobbins, MA, Ehmer, J, Anderegg, N, Shade, SB, Chang, W, Kahn, JG, Mwai, D, Mwangwa, F, Kwarisiima, D, Owaraganise, A, Ayieko, J, Havlir, DV, Kamya, MR, Charlebois, ED, Petersen, ML, Clark, TD, Bukusi, EA, Cohen, CR, Jain, V, Pasipamire, L, Kerschberger, B, Zabsonre, I, Ndlovu, S, Sibanda, G, Mamba, S, Mazibuko, S, Lukhele, N, Kabore, SM, Rusch, B, Jakubowski, A, Kabami, J, Mwai, D, Snyman, K, Clark, T, Ayieko, J, Owaraganise, A, Mwangwa, F, Petersen, M, Cohen, C, Bukusi, E, Kamya, M, Havlir, D, Charlebois, E, Thirumurthy, H, Nofemela, A, Kalombo, C, Orrell, C, Myer, L, Ngandu, N, Carlson, J, Chopera, D, Ndabambi, N, Goodier, S, Garrett, N, Samsunder, N, Abdool Karim, Q, Abdool Karim, S, Williamson, C, Rolland, M, Tovanabutra, S, Kijak, G, Sanders-Buell, E, Bose, M, Owen, C, Maganga, L, Nitayaphan, S, Rono, K, Sekiziyivu, A, Eller, La, Kim, J, Michael, N, Robb, M, Palmer, B, Neff, C, Li, S, Schneider, J, Campbell, T, Lozupone, C, Byrne, EH, Anahtar, MN, Cohen, KE, Moodeley, A, Padavattan, N, Ismail, N, Bowman, BA, Olson, GS, Mabhula, A, Leslie, A, Ndung'u, T, Walker, BD, Ghebremichael, MS, Dong, KL, Kwon, DS, Liebenberg, L, McKinnon, LR, Leask, K, Rositch, A, Garrett, N, Samsunder, N, Kharsany, A, Grobler, A, Singh, A, Passmore, J-A, Abdool Karim, SS, Abdool Karim, Q, Martinez, S, Campa, A, Huffman, F, Makhema, J, Moyo, S, Williams, OD, Marlink, R, Baum, M, Mutenda, N, Nakanyala, T, Hamunime, N, Mekonen, T, Tjituka, F, Natanael, S, Mazibuko, G, Mwinga, S, Mabirizi, D, Sagwa, E, Walkowiak, H, Kiesling, A, Aptekar, S, Jordan, M, Hong, S, Zapiola, I, Cecchini, DM, Fernandez Giuliano, S, Martinez, M, Rodriguez, CG, Bouzas, MB, Dzissyuk, N, Abishev, A, Zhanpeisova, A, Nagashbekova, G, Tazhibayeva, G, Schramm, B, Carnimeo, V, Rakesh, A, Ardiet, DL, Cossa, L, Bouchaud, O, Alloui, C, Oo, WL, Gonzales Dias, P, Mukui, I, Omwoyo, W, Manuel, R, de Pedro, AM, Telnov, A, Chirwa, Z, Chilima, B, Nicholas, S, Vubil, A, Serrano, L, Opolo, V, Zeh, C, Peeters, M, Molfino, L, Salumu, L, Vandenbulcke, A, Amoros, I, Etard, J-F, Rodríguez, M Pujades, Balkan, S, Szumilin, E, Thompson, JA, Kityo, C, Walker, AS, Hakim, J, Kambugu, A, van Oosterhout, JJ, Siika, A, Mweemba, A, Van den Eede, P, Dunn, DT, Paton, NI, the Earnest Trial Team, for, Díaz, A, Casado, JL, Dronda, F, Gómez-Ayerbe, C, Vivancos, MJ, Bañón, S, Quereda, C, Serrano, S, Moreno, A, Navas, E, Rodríguez, MÁ, Pérez-Elías, MJ, Moreno, S, Grobler, A, Kharsany, A, Cawood, C, Khanyile, D, Puren, A, Madurai, L, MacLeod, WB, Fraser, N, Bor, J, Shubber, Z, Carmona, S, Pillay, Y, Gorgens, M, Moyo, S, Mohammed, T, Kotokwe, KP, Boleo, C, Mupfumi, L, Gaseitsiwe, S, Musonda, RM, Bennett, K, van Widenfelt, E, Gaolathe, T, Mmalane, M, Holme, MP, Khan, N, Wang, R, Wirth, K, Tchetgen Tchetgen, EJ, Lockman, S, Makhema, JM, Essex, M, Novitsky, V, Nakanyala, T, Patel, SV, Sawadogo, S, Maher, AD, Banda, KM, Wolkon, A, Chaturvedi, S, Luphala, P, Agovi, AM-A, Chipadze, MR, Ntema, C, Prybylski, D, Mabuku, I, Lowrance, DW, Hamunime, N, Agolory, S, McFarland, W, Rodger, A, Lampe, F, Burman, W, Gruhlich, A, Friedland, G, El-Sadr, W, Neaton, J, Emery, S, Corbelli, G, Molina, JM, Orkin, C, Gatell, J, Gerstoft, J, Ruxrungtham, K, Barbosa de Souza, M, Phillips, A, Masuka, N, Goverwa-Sibanda, TP, Maphosa, T, Tshuma, ES, Kurauone, W, Ngarivume, K, Masungo, T, Carroll, RW, Greiger-Zanlungo, P, Blick, G, Raw, A, Lakhani, I, Dlamini, D, Munthali, A, Chinsinga, B, Kadzandira, J, Ngwira, B, Masiye, F, Kaunda-Khangamwa, B, Torriente, A, Licata, M, Mabhele, S, Virga, A, Nininahazwe, C, Ndayizeye, N, Kabanga, JD, Link Up project, The, Stangl, A, Singh, D, Windle, M, Sievwright, K, Footer, K, Iovita, A, Mukasa, S, Baral, S, Davis, SLM, Hart, M, Euzébio de Lima, C, De Castro, D, Elizabeth de Lima Pereira, M, Ferreira Santana, D, Aguiar, P, Myers, L, Hajiyiannis, H, Motuba, T, Delate, R, Mahlasela, L, Biello, K, Coffey-Esquivel, J, Hosek, S, Belzer, M, Sullivan, P, Mimiaga, M, Oleson, S, Taylor, S, Kreh, L, Mayer, K, Souleymanov, R, Brennan, DJ, Lachowsky, N, Fantus, S, Ceranto, A, Remien, RH, Mellins, CA, Robbins, R, Gouse, H, Leu, CS, Rowe, J, Henry, M, Myer, L, Stein, D, Joska, J, Mathias, A, Abreu, L, Zampieri, T, Spiassi, A, Gutierrez, E, Tun, W, Aung, PP, Bajracharya, A, Yam, E, Ryan, C, Oo, SM, Thein, ZW, Paing, AK, Pasricha, N, Willenberg, L, Agius, P, Sein, TT, Htun, S, Latt, NZ, Luchters, S, Vu, L, Pulerwitz, J, Zieman, B, Okal, J, Yam, E, Up Project, Link, Anderson, A, Stern, E, Mokganyetji, T, Rebombo, D, MacPhail, C, Khoza, N, Treves-Kagan, S, Selin, A, Peacock, D, Pettifor, A, Lippman, S, Kahn, K, Twine, R, Gibbs, A, Ntini, N, Khumalo, T, Washington, L, Mbatha, N, Chirwa, E, Willan, S, Sikweyiya, Y, Jama-Shai, N, Jewkes, R, McClair, T, Hossain, T, Sultana, N, Yam, E, Zieman, B, Hossain, S, Yasmin, R, Sadiq, N, Carter, A, Greene, S, Hankins, C, Brotto, LA, Money, D, Kestler, M, Patterson, S, O'Brien, N, Salters, K, Ding, E, Webster, K, Nicholson, V, Sanchez, M, Desbiens, M, Dubuc, D, Lin, SY, Hogg, RS, de Pokomandy, A, Loutfy, MR, Kaida, A, Research Team, CHIWOS, Chirowodza, A, Williams, D, Diergaardt, C, Adetokunboh, O, Gede, S, Gobodo, N, Makeleni, N, Tuswa, N, Eckard, M, O'rie, T, Shingwenyana, N, Green, B, Oluwatimilehin, I, Jacobs, D, Mabuse, R, Maartens, T, Dikgale, F, Sithole, J, Thambinayagam, A, Ndirangu, J, Leonard, W, Uwamahoro, D, Uwacu, T, Ishimwe, A, Mutaganzwa, A, Chang, E, Ngirabega, JD, Mwakangalu, D, Nzaro, M, Mwamzandi, Y, Mwero, BS, Makori, J, Mlongo, R, Bunu, A, Kegoli, S, Njoroge, A, Motoku, J, Muriithi, C, Mutisya, I, Cale, E, Gorman, J, Radakovich, N, Ozorowski, G, Crooks, E, Osawa, K, Asokan, M, Doria-Rose, N, Ward, A, Kwong, P, Binley, J, Mascola, J, Ranasinghe, S, Lamothe-Molina, P, Soghoian, D, Kaizer, S, Cole, M, Shalek, A, Yosef, N, Jones, B, Carrington, M, Streeck, H, Kaufmann, D, Picker, L, Kappler, J, Walker, BD, Mduluza, T, Dzoro, S, Bedi, K, Mpoloka, WS, Dutrieux, J, Maarifi, G, Portilho, D, Arhel, N, Chelbi-Alix, M, Nisole, S, Chen, S, Tang, J, Chen, Z, Mocroft, A, Achra, AC, Ross, M, Ryom, L, Avihingsanon, A, Bakowska, E, Belloso, W, Clarke, A, Furrer, H, Lucas, G, Ristola, M, Rassool, MS, Ross, J, Somboonwit, C, Wyatt, C, Maponga, T, Vermeulen, H, Robertson, B, Burmeister, S, Preiser, W, Kew, M, Andersson, M, Bucek, A, Leu, C-S, Benson, S, Warne, P, Abrams, E, Elkington, KS, Dolezal, C, Wiznia, A, Mellins, CA, Mogambery, JC, Dawood, H, Wilson, D, Moodley, A, Alejos, B, Hernando, V, del Amo, J, Rubio, R, Montero, M, Rivero, M, Hernández-Quero, J, Muga, R, Gutierrez, F, Moreno, S, Coris, , Mosepele, M, Mokgatlhe, L, Hudson, PF, Letsatsi, V, Gross, R, Nyaboke, I, Pengo, V, Ojuok, S, Athiambo, M, Okello, E, Otieno, F, Plank, R, Bailey, RC, Little, M, Fox, A, Agot, K, Grund, J, Mboya, E, Musingila, P, Omanga, E, Emusu, D, Odoyo-June, E, Ohaga, S, Otieno-Nyunya, B, Awori, QD, Lee, R, Li, P, Ouma, D, Obura, N, Oundo, M, Mwamkita, D, Chirchir, B, Barasa, M, Kirui, M, Macharia, P, Oketch, J, Otiende, P, Nyangweso, N, Maina, M, Kiswi, N, Goldstein, M, Nyanchoka, J, Barone, MA, Kaufman, M, Dam, K, Hatzold, K, Van Lith, L, Ncube, G, Lija, G, Bonnecwe, C, Mavhu, W, Kahabuka, C, Seifert-Ahanda, K, Marcell, A, Mahlasela, L, Figueroa, ME, Njeuhmeli, E, Tobian, A, Vmmc Technical Advisory Group, and Adolescent, Adera, F, Young, M, Adipo, T, Otieno, F, Nordstrom, S, Mehta, S, Bailey, RC, McClelland, RS, Lingappa, JR, John-Stewart, G, Kinuthia, J, Yuhas, K, Jaoko, W, Srinivasan, S, Mandaliya, KN, Fiedler, TL, Munch, MM, Richardson, BA, Overbaugh, J, Fredricks, DN, Decker, M, Tomko, C, Wingo, E, Peitzmeier, S, Sawyer, A, Glass, N, Sherman, S, van der Straten, A, Shapley-Quinn, MK, Reddy, K, Cheng, H, Etima, J, Woeber, K, Musara, P, Palanee-Phillips, T, Baeten, J, Montgomery, ET, Study Team, MTN-020/ASPIRE, Maughan-Brown, B, Evans, M, George, G, Rosenberg, M, Pettifor, A, Twine, R, Hughes, J, Gomez-Olive, FX, Wagner, RG, Selin, A, MacPhail, C, Kahn, K, Stadler, J, Delany-Moretlwe, S, Baron, D, Ju, S, Gray, G, Rees, H, 001 Study Group, FACTS, Moshabela, M, Bukenya, D, Darong, G, Wamoyi, J, Zuma, T, Renju, J, Nyamukapa, C, Ddaaki, W, Bonnington, O, Seeley, J, Hoosegood, V, Wringe, A, Audet, C, Ngobeni, S, Wagner, R, Abdallah, S, Ibrahim, F, Kirimo, M, Mongi, A, Baya, J, Shossi, M, Omar, A, Nomsenge, S, Thomas, A, Hoddinott, G, Carolus, G, Bond, V, behalf of HPTN 071 (PopART) Study Team, and On, Dube, F, Dube, M, Mpofu, A, Magure, T, Taramusi, I, Montalvo Pacahuala, CDP, Stratton, T, Masching, R, King, A, Aspin, C, Nyakerario Omare, J, Kituku, A, McLean, E, Renju, J, Wamoyi, J, Bukenya, D, Ddaaki, W, Church, K, Wringe, A, Network, ALPHA, Barron, P, Pillay, Y, Sebidi, J, Fernandes, A, Adeyemi, O, Erekaha, S, Ogum, E, Yunusa, F, Swomen, H, Barde, A, Chime, C, Ebagua, I, Sam-Agudu, NA, Ditekemena Dinanga, J, Gill, MM, Loando, A, Nyombe, C, Bakwalufu, J, Mbonze, N, Fwamba, F, Ilunga, V, Machekano, R, Phillips, T, Brittain, K, Abrams, EJ, Zerbe, A, Ronan, A, Mellins, CA, Remien, RH, Woelk, G, Kieffer, MP, Mpofu, D, Cathcart, R, Study Group, ACCLAIM, Azizuyo, B, Mantsios, A, Shembilu, C, Mbwambo, J, Likindikoki, S, Beckham, S, Mwampashi, A, Leddy, A, Galai, N, Davis, W, Kerrigan, D, Duck, T, Selvey, C, Telfer, B, Schmidt, HMA, Price, K, Keen, P, Cecilio, ME, Holden, J, Vannakit, R, Jantarapakde, J, Pengnonyang, S, Jitjang, S, Janamnuaysook, R, Pankam, T, Trachunthong, D, Pussadee, K, Reankhomfu, R, Lingjongrat, D, Janyam, S, Nakpor, T, Leenasirimakul, P, Jadwattanakul, T, Noriega, S, Charoenying, S, Sattayapanich, T, Arunmanakul, A, Phanuphak, P, Cassell, M, Phanuphak, N, Arthos, J, Byrareddy, S, Cicala, C, Ortiz, K, Little, D, Gumber, S, Hong, JJ, Zurla, C, Villinger, F, Fauci, A, Ansari, A, Santangelo, P, Gosselin, A, Wiche Salinas, TR, Planas, D, Wacleche, VS, Zhang, Y, Fromentin, R, Mehraj, V, Chomont, N, Routy, J-P, Ancuta, P, Policicchio, B, Xu, C, Ma, D, He, T, Raehtz, K, Sivanandham, R, Kleinman, A, Krampe, N, Haret-Richter, G, Dunsmore, T, Apetrei, C, Pandrea, I, Ribeiro, R, Mota, TM, Khoury, G, Jacobson, JC, Lu, HK, Wightman, F, Van der Sluis, RM, Anderson, JL, Cameron, PU, Lewin, SR, Purcell, DFJ, Hope, TJ, Mamede, J, Leidner, J, Williams, P, Mayondi, G, Ajibola, G, Holding, P, Tepper, V, Nichols, S, Diseko, M, Magetse, J, Sakoi, M, Moabi, K, Makhema, J, Mdluli, C, Chaudhury, S, Petlo, C, Jibril, H, Kammerer, B, Lockman, S, Boivin, M, Sikorskii, A, Aizire, J, Maliwichi-Senganimalunje, L, Wambuzi Ogwang, L, Kawalazira, R, Nyakato, M, Familiar, I, Ruisenor-Escudero, H, Mallewa, M, Taha, T, Fowler, MG, McHenry, M, Apondi, E, Ayaya, S, Tu, W, Bi, G, Sang, E, Vreeman, R, Njuguna, N, Ngure, K, Bukusi, D, Wamalwa, D, Mugo, N, Majonga, ED, Rylance, J, Odland, JO, Kranzer, K, Mchugh, G, Metcalfe, J, Bandason, T, Mujuru, H, Kaski, JP, Ferrand, RA, Puthanakit, T, Kosalaraksa, P, Petdachai, W, Hansudewechakul, R, Borkird, T, Lolekha, R, Thaisri, H, Samleerat, T, Boonsuk, S, Ongwandee, S, Wake, R, Jarvis, J, Harrison, T, Mashamaite, S, Govender, N, Ramjathan, P, Reddy, N, Mlisana, KP, Manak, M, Shutt, A, Hack, H, Jagodzinski, L, Peel, S, Danboise, B, Tang, N, Pahalawatta, V, Frank, A, Lampinen, J, Leckie, G, Bilkovski, R, Bagley, Z, Viana, R, Wallis, CL, Abravaya, K, Kulkarni, S, Jadhav, S, Khopkar, P, Sane, S, Chimanpure, V, Dhilpe, V, Londhe, R, Ghate, M, Yelgate, R, Panchal, N, Rahane, G, Rewari, B, Gangakhedkar, R, Sutcliffe, C, Thuma, P, Sinywimaanzi, K, Hamahuwa, M, Moss, W, Joseph Davey, D, Wall, K, Inambao, M, Kilembe, W, Brill, I, Chomba, E, Htee Khu, N, Mulenga, J, Tichacek, A, Vwalika, B, Allen, S, Heffron, R, Mugo, N, Ngure, K, Bukusi, E, Odoyo, J, Katabira, E, Bulya, N, Asiimwe, S, Tindimwebwa, E, Haberer, J, Marzinke, M, Celum, C, Baeten, JM, Maman, D, Huerga, H, Van Cutsem, G, Mukui, I, Chilima, B, Hennequin, W, Masiku, C, Salumu, L, Ellman, T, Etard, J-F, Schwartz, S, Phofa, R, Yende, N, Bassett, J, Sanne, I, Van Rie, A, Davies, NECG, Mullick, S, Schwartz, S, Kaida, A, Kabakyenga, J, Bwana, M, Bajunirwe, F, Bennett, K, Haberer, JE, Boum, Y, Martin, JN, Hunt, P, Bangsberg, DR, Matthews, LT, Moodley, K, Staunton, C, Duby, Z, Hendricks, M, Roussow, T, de Roubaix, M, Nair, G, Skinner, D, Salzwedel, J, Hannah, S, Taylor, J, Dube, K, Power, J, Lucke, J, Dowsett, G, Brown, G, Lyons, A, Evans, D, Taylor, J, Sylla, L, Garner, S, Weiner, B, Skinner, A, Greene, S, Rennie, S, Dubé, K, Garner, S, Rennie, S, Ananworanich, J, Dube, K, Margolis, D, Sugarman, J, Tressler, R, Gilbertson, A, Dawson, L, Mathews, A, Anderson, A, Farley, S, Hightow-Weidman, L, Muessig, K, Rennie, S, Tucker, J, Kiriazova, T, Sereda, Y, Neduzhko, O, Postnov, O, Yorick, R, Shvab, I, Dvoriak, S, Garone, DB, Mateyu, G, van Oosterhout, J, Singano, V, van Schoor, V, Chigayo, M, Ndindi, H, Kwekwesa, A, Gaven, S, Harawa, K, Zandamela, A, Mobaracaly, MR, Benedetti, M, Solomon, D, Bernardo, V, Topp, SM, Moonga, CN, Mudenda, C, Chileshe, C, Magwende, G, Heymann, SJ, Henostroza, G, Ingleby, C, Ayalew, M, Ponde, T, Wall, K, Inamba, M, Kilembe, W, Karita, E, Vwalika, B, Mulenga, J, Parker, R, Sharkey, T, Tichacek, A, Hunter, E, Yohnka, R, Abdallah, J, Allen, S, Galarraga, O, Wamai, RG, Sosa-Rubi, SG, Mugo, M, Contreras, D, Bautista-Arredondo, S, Nyakundi, H, Wang'ombe, J, Wilhelm, A, Amole, C, Middlecote, C, Harwell, J, Mccarthy, E, Sosa-Rubí, SG, Bautista-Arredondo, S, Opuni, M, Contreras-Loya, D, La Hera-Fuentes, G, Salas-Ortiz, A, Kwan, A, Condo, J, Dzekedzeke, K, Galárraga, O, Martinson, N, Masiye, F, Nsanzimana, S, Wamai, R, Wang'ombe, J, Torres-Rueda, S, Weiss, HA, Wambura, M, Mahler, H, Chilongani, J, Kuringe, E, Hayes, R, Plotkin, M, Makokha, M, Hellar, A, Schutte, C, Mshana, G, Larke, N, Lija, G, Changalucha, J, Grund, JM, Terris-Prestholt, F, Gotham, D, Barber, M, Fortunak, J, Pozniak, A, Hill, A",10.7448/IAS.19.6.21264,Digital Forecast Database,dataset-643
