dataset,doi,journal ,title,url
dataset-026,10.1016/j.jneb.2017.06.002,Journal of Nutrition Education and Behavior,SNAP-Based Incentive Programs at Farmers' Markets: Adaptation Considerations for Temporary Assistance for Needy Families (TANF) Recipients,www.doi.org/10.1016/j.jneb.2017.06.002
dataset-026,10.1016/j.ypmed.2018.03.015,Preventive Medicine,Where do U.S. households purchase healthy foods? An analysis of food-at-home purchases across different types of retailers in a nationally representative dataset,www.doi.org/10.1016/j.ypmed.2018.03.015
dataset-026,10.1016/j.amepre.2017.10.005,American Journal of Preventive Medicine,Doubling Up on Produce at Detroit Farmers Markets: Patterns and Correlates of Use of a Healthy Food Incentive,www.doi.org/10.1016/j.amepre.2017.10.005
dataset-026,10.1377/hlthaff.2018.05265,Health Affairs,Loss Of SNAP Is Associated With Food Insecurity And Poor Health In Working Families With Young Children,www.doi.org/10.1377/hlthaff.2018.05265
dataset-026,10.1016/j.jneb.2014.12.008,Journal of Nutrition Education and Behavior,Farmers' Markets and the Local Food Environment: Identifying Perceived Accessibility Barriers for SNAP Consumers Receiving Temporary Assistance for Needy Families (TANF) in an Urban Oklahoma Community,www.doi.org/10.1016/j.jneb.2014.12.008
dataset-026,10.1016/j.amepre.2018.11.010,American Journal of Preventive Medicine,Facilitators and Barriers to Supplemental Nutrition Assistance Program Incentive Use: Findings From a Clinic Intervention for Low-Income Patients,www.doi.org/10.1016/j.amepre.2018.11.010
dataset-026,10.1017/s1368980018000101,Public Health Nutrition,"Barriers to fruit and vegetable consumption among farmers: market incentive programme users in Illinois, USA",www.doi.org/10.1017/s1368980018000101
dataset-026,10.1377/hlthaff.2009.0731,Health Affairs,Federal Food Policy And Childhood Obesity: A Solution Or Part Of The Problem?,www.doi.org/10.1377/hlthaff.2009.0731
dataset-026,10.1016/j.jneb.2019.01.019,Journal of Nutrition Education and Behavior,Hunger or Deportation: Implications of the Trump Administration's Proposed Public Charge Rule,www.doi.org/10.1016/j.jneb.2019.01.019
dataset-026,10.1017/s1368980016003153,Public Health Nutrition,Supplemental Nutrition Assistance Progam benefits and emergency room visits for hypoglycaemia,www.doi.org/10.1017/s1368980016003153
dataset-026,10.3390/ijerph14101197,International Journal of Environmental Research and Public Health,Predicting Child Protective Services (CPS) Involvement among Low-Income U.S. Families with Young Children Receiving Nutritional Assistance,www.doi.org/10.3390/ijerph14101197
dataset-026,10.1037/cdp0000240,Cultural Diversity & Ethnic Minority Psychology,Mental health treatment and work among African American and Caribbean Black welfare recipients.,www.doi.org/10.1037/cdp0000240
dataset-026,10.1016/j.chiabu.2019.02.004,Child Abuse & Neglect,County-level socioeconomic and crime risk factors for substantiated child abuse and neglect,www.doi.org/10.1016/j.chiabu.2019.02.004
dataset-026,10.1542/peds.2013-2823,Pediatrics,Supplemental Nutrition Assistance Program Participation and Child Food Security,www.doi.org/10.1542/peds.2013-2823
dataset-026,10.1044/2017_lshss-16-0072,Language Speech and Hearing Services in Schools,"Population Estimates, Health Care Characteristics, and Material Hardship Experiences of U.S. Children With Parent-Reported Speech-Language Difficulties: Evidence From Three Nationally Representative Surveys",www.doi.org/10.1044/2017_lshss-16-0072
dataset-026,10.1016/j.amepre.2016.08.023,American Journal of Preventive Medicine,Rebates to Incentivize Healthy Nutrition Choices in the Supplemental Nutrition Assistance Program,www.doi.org/10.1016/j.amepre.2016.08.023
dataset-026,10.1016/j.socscimed.2017.09.020,Social Science & Medicine,Re-evaluating associations between the Supplemental Nutrition Assistance Program participation and body mass index in the context of unmeasured confounders,www.doi.org/10.1016/j.socscimed.2017.09.020
dataset-026,10.1016/j.socscimed.2018.11.001,Social Science & Medicine,SNAP benefits and childhood asthma,www.doi.org/10.1016/j.socscimed.2018.11.001
dataset-026,10.1097/mlr.0000000000001024,Medical Care,Identification of Cross-sector Service Utilization Patterns Among Urban Medicaid Expansion Enrollees,www.doi.org/10.1097/mlr.0000000000001024
dataset-026,10.1016/j.ssmph.2019.100393,SSM - Population Health,Food and financial coping strategies during the monthly Supplemental Nutrition Assistance Program cycle,www.doi.org/10.1016/j.ssmph.2019.100393
dataset-026,10.1016/j.jand.2017.01.008,Journal of the Academy of Nutrition and Dietetics,Low-Income Urban Mothers' Experiences with the Supplemental Nutrition Assistance Program,www.doi.org/10.1016/j.jand.2017.01.008
dataset-026,10.3945/an.112.003244,Advances in Nutrition,Food Insecurity Is an Ongoing National Concern,www.doi.org/10.3945/an.112.003244
dataset-026,10.1080/19320248.2014.962780,Journal of Hunger & Environmental Nutrition,The Relationship Between Obesity and Participation in the Supplemental Nutrition Assistance Program (SNAP): Is Mental Health a Mediator?,www.doi.org/10.1080/19320248.2014.962780
dataset-026,10.1002/nur.21943,Research in Nursing & Health,Predictors of psychological distress in low-income mothers over the first postpartum year,www.doi.org/10.1002/nur.21943
dataset-026,10.1089/heq.2016.0023,Health Equity,Examining Material Hardship in Mothers: Associations of Diaper Need and Food Insufficiency with Maternal Depressive Symptoms,www.doi.org/10.1089/heq.2016.0023
dataset-026,10.1037/ort0000318,American Journal of Orthopsychiatry,Paid sick leave status in relation to government sponsored welfare utilization.,www.doi.org/10.1037/ort0000318
dataset-026,10.1016/j.acap.2015.02.010,Academic Pediatrics,Spotlight on Express Lane Eligibility (ELE): A Tool to Improve Enrollment and Renewal,www.doi.org/10.1016/j.acap.2015.02.010
dataset-026,10.1017/s1368980010002090,Public Health Nutrition,Is participation in food and income assistance programmes associated with obesity in California adults? Results from a state-wide survey,www.doi.org/10.1017/s1368980010002090
dataset-026,10.1146/annurev-publhealth-040218-044132,Annual Review of Public Health,Aligning Programs and Policies to Support Food Security and Public Health Goals in the United States,www.doi.org/10.1146/annurev-publhealth-040218-044132
dataset-026,10.1016/j.acap.2014.10.002,Academic Pediatrics,Influence of Maternal Depression on Household Food Insecurity for Low-Income Families,www.doi.org/10.1016/j.acap.2014.10.002
dataset-026,10.1007/s13524-017-0642-7,Demography,The Changing Safety Net for Low-Income Parents and Their Children: Structural or Cyclical Changes in Income Support Policy?,www.doi.org/10.1007/s13524-017-0642-7
dataset-026,10.1177/1524839917715438,Health Promotion Practice,Understanding the Experiences of Low-Income Individuals Receiving Farmers' Market Incentives in the United States: A Qualitative Study,www.doi.org/10.1177/1524839917715438
dataset-026,10.1017/s1368980016000033,Public Health Nutrition,Accessibility of summer meals and the food insecurity of low-income households with children,www.doi.org/10.1017/s1368980016000033
dataset-026,10.1007/s10567-017-0228-3,Clinical Child and Family Psychology Review,A Framework for Valuing Investments in a Nurturing Society: Opportunities for Prevention Research,www.doi.org/10.1007/s10567-017-0228-3
dataset-026,10.1016/j.jand.2012.03.033,Journal of the Academy of Nutrition and Dietetics,Effect of the Supplemental Nutrition Assistance Program (SNAP) on Frequency of Beverage Consumption among Youth in the United States,www.doi.org/10.1016/j.jand.2012.03.033
dataset-026,10.1089/big.2015.0014,Big Data,"Diets and Health: How Food Decisions Are Shaped by Biology, Economics, Geography, and Social Interactions",www.doi.org/10.1089/big.2015.0014
dataset-026,10.1017/s1368980011002709,Public Health Nutrition,How much does the Supplemental Nutrition Assistance Program alleviate food insecurity? Evidence from recent programme leavers,www.doi.org/10.1017/s1368980011002709
dataset-026,10.1007/s10995-013-1348-0,Maternal and Child Health Journal,The Influence of Maternal Health Literacy and Child's Age on Participation in Social Welfare Programs,www.doi.org/10.1007/s10995-013-1348-0
dataset-026,10.1080/03630242.2015.1022814,Women & Health,"The Effects of Collateral Consequences of Criminal Involvement on Employment, Use of Temporary Assistance for Needy Families, and Health",www.doi.org/10.1080/03630242.2015.1022814
dataset-026,10.3945/an.113.004630,Advances in Nutrition,SNAP Benefits: Can an Adequate Benefit Be Defined?,www.doi.org/10.3945/an.113.004630
dataset-026,10.3945/jn.114.198697,Journal of Nutrition,Supplemental Nutrition Assistance Program Participation Is Associated with an Increase in Household Food Security in a National Evaluation,www.doi.org/10.3945/jn.114.198697
dataset-026,10.1007/s10567-017-0225-6,Clinical Child and Family Psychology Review,Family Economic Security Policies and Child and Family Health,www.doi.org/10.1007/s10567-017-0225-6
dataset-026,10.1016/j.jneb.2017.03.010,Journal of Nutrition Education and Behavior,Examining Internet Access and Social Media Application Use for Online Nutrition Education in¬†SNAP-Ed Participants in Rural Illinois,www.doi.org/10.1016/j.jneb.2017.03.010
dataset-026,10.1186/s12889-016-3233-4,BMC Public Health,The Building Wealth and Health Network: methods and baseline characteristics from a randomized controlled trial for families with young children participating in temporary assistance for needy families (TANF),www.doi.org/10.1186/s12889-016-3233-4
dataset-026,10.1371/journal.pone.0215327,PLoS ONE,Restrictive state laws aimed at immigrants: Effects on enrollment in the food stamp program by U.S. citizen children in immigrant families,www.doi.org/10.1371/journal.pone.0215327
dataset-026,10.1377/hlthaff.2015.0645,Health Affairs,Food Insecurity And Health Outcomes,www.doi.org/10.1377/hlthaff.2015.0645
dataset-026,10.1080/19320248.2016.1157550,Journal of Hunger & Environmental Nutrition,"Perceived Barriers and Facilitators of Farm-to-Consumer Retail Outlet Use Among Participants of the Special Supplemental Nutrition Program for Women, Infants, and Children (WIC) in Alabama",www.doi.org/10.1080/19320248.2016.1157550
dataset-026,10.1016/j.jand.2018.02.011,Journal of the Academy of Nutrition and Dietetics,Understanding Customers: The Jobs to Be Done Theory Applied in the Context of a Rural Food Pantry,www.doi.org/10.1016/j.jand.2018.02.011
dataset-026,10.1007/s10903-016-0516-x,Journal of Immigrant and Minority Health,Longitudinal Trajectories of Food Insecurity Among Children of Immigrants,www.doi.org/10.1007/s10903-016-0516-x
dataset-026,10.1016/j.childyouth.2011.12.016,Children and Youth Services Review,Low income families' utilization of the Federal Safety Net: Individual and state-level predictors of TANF and Food Stamp receipt,www.doi.org/10.1016/j.childyouth.2011.12.016
dataset-026,10.1016/j.jneb.2012.06.006,Journal of Nutrition Education and Behavior,Facebook Is an Effective Strategy to Recruit Low-income Women to Online Nutrition Education,www.doi.org/10.1016/j.jneb.2012.06.006
dataset-026,10.1080/19371918.2017.1415181,Social Work in Public Health,Understanding High Incidence of Severe Obesity and Very Low Food Security in Food Pantry Clients: Implications For Social Work,www.doi.org/10.1080/19371918.2017.1415181
dataset-026,10.1080/03670244.2017.1406853,Ecology of Food and Nutrition,Factors Associated with Home Meal Preparation and Fast-Food Sources Use among Low-Income Urban African American Adults,www.doi.org/10.1080/03670244.2017.1406853
dataset-026,10.1002/soej.12081,Southern Economic Journal,Rasch Analyses of Very Low Food Security among Households and Children in the Three City Study,www.doi.org/10.1002/soej.12081
dataset-026,10.1186/s12937-018-0360-z,Nutrition Journal,Nutrient intake disparities in the US: modeling the effect of food substitutions,www.doi.org/10.1186/s12937-018-0360-z
dataset-026,10.1017/s1368980017000088,Public Health Nutrition,Low-income adults' perceptions of farmers' markets and community-supported agriculture programmes,www.doi.org/10.1017/s1368980017000088
dataset-026,10.1097/phh.0000000000000813,Journal of Public Health Management and Practice,Pay to Play? State Laws Related to High School Sports Participation Fees,www.doi.org/10.1097/phh.0000000000000813
dataset-026,10.1080/19320248.2014.962770,Journal of Hunger & Environmental Nutrition,"Cross-Sectional Relationships Between Household Food Insecurity and Child BMI, Feeding Behaviors, and Public Assistance Utilization Among Head Start Children From Predominantly Hispanic and American Indian Communities in the CHILE Study",www.doi.org/10.1080/19320248.2014.962770
dataset-026,10.1542/peds.2014-2832,Pediatrics,Home Foreclosure and Child Protective Services Involvement,www.doi.org/10.1542/peds.2014-2832
dataset-026,10.1377/hlthaff.2017.0991,Health Affairs,Cross-Sector Service Use Among High Health Care Utilizers In Minnesota After Medicaid Expansion,www.doi.org/10.1377/hlthaff.2017.0991
dataset-026,10.3389/fped.2018.00207,Frontiers in Pediatrics,Disparities in Utilization of Social Determinants of Health Referrals Among Children in Immigrant Families,www.doi.org/10.3389/fped.2018.00207
dataset-026,10.5888/pcd11.130324,Preventing Chronic Disease,Objective and Self-Reported Factors Associated With Food-Environment Perceptions and Fruit-And-Vegetable Consumption: A Multilevel Analysis,www.doi.org/10.5888/pcd11.130324
dataset-026,10.1017/s1368980014003036,Public Health Nutrition,The relationship between childhood adversity and food insecurity: like a bird nesting in your head,www.doi.org/10.1017/s1368980014003036
dataset-026,10.5888/pcd10.120206,Preventing Chronic Disease,"A Qualitative Study of Perceived Barriers to Fruit and Vegetable Consumption Among Low-Income Populations, North Carolina, 2011",www.doi.org/10.5888/pcd10.120206
dataset-026,10.1016/j.jand.2018.06.009,Journal of the Academy of Nutrition and Dietetics,Position of the Academy of Nutrition and Dietetics: Child and Adolescent Federally Funded Nutrition Assistance Programs,www.doi.org/10.1016/j.jand.2018.06.009
dataset-026,10.1186/s12966-017-0637-1,International Journal of Behavioral Nutrition and Physical Activity,Cluster randomized controlled trial of a mobile market intervention to increase fruit and vegetable intake among adults in lower-income communities in North Carolina,www.doi.org/10.1186/s12966-017-0637-1
dataset-026,10.1542/peds.2017-2199,Pediatrics,Unstable Housing and Caregiver and Child Health in Renter Families,www.doi.org/10.1542/peds.2017-2199
dataset-026,10.1002/pam.22073,Journal of Policy Analysis and Management,ECONOMISM IS NOT ENOUGH,www.doi.org/10.1002/pam.22073
dataset-026,10.1016/j.jneb.2018.10.004,Journal of Nutrition Education and Behavior,Development and Testing of the Healthy Food Pantry Assessment Tool,www.doi.org/10.1016/j.jneb.2018.10.004
dataset-026,10.1542/peds.2013-0597,Pediatrics,Diaper Need and Its Impact on Child Health,www.doi.org/10.1542/peds.2013-0597
dataset-026,10.3390/children6020031,Children,Tobacco Use as a Health Disparity: What Can Pediatric Clinicians Do?,www.doi.org/10.3390/children6020031
dataset-026,10.3945/ajcn.112.037622,American Journal of Clinical Nutrition,"Food-package assignments and breastfeeding initiation before and after a change in the Special Supplemental Nutrition Program for Women, Infants, and Children",www.doi.org/10.3945/ajcn.112.037622
dataset-026,10.1093/aje/kwv249,American Journal of Epidemiology,"Health Behaviors, Mental Health, and Health Care Utilization Among Single Mothers After Welfare Reforms in the 1990s",www.doi.org/10.1093/aje/kwv249
dataset-026,10.1080/03670244.2019.1598979,Ecology of Food and Nutrition,National Trends in Food Insecurity and Congregation-Based Food Provision between 1998 and 2012,www.doi.org/10.1080/03670244.2019.1598979
dataset-026,10.1007/s10995-013-1281-2,Maternal and Child Health Journal,Securing the Safety Net: Concurrent Participation in Income Eligible Assistance Programs,www.doi.org/10.1007/s10995-013-1281-2
dataset-026,10.1111/1475-6773.12157,Health Services Research,The Effects of Express Lane Eligibility on Medicaid and CHIP Enrollment among Children,www.doi.org/10.1111/1475-6773.12157
dataset-026,10.1111/1475-6773.12241,Health Services Research,Health Care Utilization among Children Enrolled in Medicaid and CHIP via Express Lane Eligibility,www.doi.org/10.1111/1475-6773.12241
dataset-026,10.1016/j.jneb.2016.03.003,Journal of Nutrition Education and Behavior,"Food Shopping Venues, Neighborhood Food Environment, and Body Mass Index Among Guyanese, Black, and White Adults in an Urban Community in the US",www.doi.org/10.1016/j.jneb.2016.03.003
dataset-026,10.1542/peds.2015-3673,Pediatrics,Determinants of Health and Pediatric Primary Care Practices,www.doi.org/10.1542/peds.2015-3673
dataset-026,10.1016/j.jand.2018.04.010,Journal of the Academy of Nutrition and Dietetics,"A Cluster-Randomized Trial of a Mobile Produce Market Program in 12 Communities in North Carolina: Program Development, Methods, and Baseline Characteristics",www.doi.org/10.1016/j.jand.2018.04.010
dataset-026,10.1016/j.amepre.2017.07.015,American Journal of Preventive Medicine,Mothers' Adverse Childhood Experiences and Their Young Children's Development,www.doi.org/10.1016/j.amepre.2017.07.015
dataset-026,10.1007/s13524-018-0719-y,Demography,Beyond the Nuclear Family: Trends in Children Living in Shared Households,www.doi.org/10.1007/s13524-018-0719-y
dataset-026,10.1016/j.ypmed.2017.09.007,Preventive Medicine,Trends in food insecurity among California residents from 2001 to 2011: Inequities at the intersection of immigration status and ethnicity,www.doi.org/10.1016/j.ypmed.2017.09.007
dataset-026,10.1037/ser0000314,Psychological Services,Community-based service requests and utilization among pregnant women incarcerated in jail.,www.doi.org/10.1037/ser0000314
dataset-026,10.1353/hpu.2018.0099,Journal of Health Care for the Poor and Underserved,"""Feastworthy is Something That Gives Us Our Dignity Back:"" Feasibility of A Delivered Prepared Meal Program for Families in Motel-Shelters",www.doi.org/10.1353/hpu.2018.0099
dataset-026,10.1007/s11121-017-0767-3,Prevention Science,Exploring Multilevel Factors for Family Engagement in Home Visiting Across Two National Models,www.doi.org/10.1007/s11121-017-0767-3
dataset-026,10.1016/j.amepre.2016.07.016,American Journal of Preventive Medicine,A Proposal for Improvements in the Supplemental Nutrition Assistance Program,www.doi.org/10.1016/j.amepre.2016.07.016
dataset-026,10.1016/j.ajog.2017.06.010,American Journal of Obstetrics and Gynecology,A randomized trial of motivational interviewing and facilitated contraceptive access to prevent rapid repeat pregnancy among adolescent mothers,www.doi.org/10.1016/j.ajog.2017.06.010
dataset-026,10.1080/03670244.2018.1455673,Ecology of Food and Nutrition,Food insecurity and healthcare decision making among mobile food pantry clients in Tampa Bay,www.doi.org/10.1080/03670244.2018.1455673
dataset-026,10.4278/ajhp.130104-quan-13,American Journal of Health Promotion,Household Food Insecurity and Dietary Intake among Mexican-American Women Participating in Federal Food Assistance Programs,www.doi.org/10.4278/ajhp.130104-quan-13
dataset-026,10.2105/ajph.2017.304247,American Journal of Public Health,Socioeconomic Outcomes of Women Who Receive and Women Who Are Denied Wanted Abortions in the United States,www.doi.org/10.2105/ajph.2017.304247
dataset-026,10.1016/j.dhjo.2015.10.003,Disability and Health Journal,Food security among young adults with disabilities in the United States: Findings from the National Health Interview Survey,www.doi.org/10.1016/j.dhjo.2015.10.003
dataset-026,10.1017/s1368980013000281,Public Health Nutrition,Very low food security in the USA is linked with exposure to violence,www.doi.org/10.1017/s1368980013000281
dataset-026,10.1016/j.ssmph.2018.06.006,SSM - Population Health,Overlapping geographic clusters of food security and health: Where do social determinants and health outcomes converge in the U.S?,www.doi.org/10.1016/j.ssmph.2018.06.006
dataset-026,10.1016/j.childyouth.2017.01.022,Children and Youth Services Review,Young child poverty in the United States: Analyzing trends in poverty and the role of anti-poverty programs using the Supplemental Poverty Measure,www.doi.org/10.1016/j.childyouth.2017.01.022
dataset-026,10.1111/nure.12046,Nutrition Reviews,Aligning nutrition assistance programs with the Dietary Guidelines for Americans,www.doi.org/10.1111/nure.12046
dataset-026,10.1016/j.ssresearch.2018.08.009,Social Science Research,Exploring the relationship between welfare participation in childhood and depression in adulthood in the United States,www.doi.org/10.1016/j.ssresearch.2018.08.009
dataset-026,10.1037/dev0000101,Developmental Psychology,The Selection of Children From Low-Income Families into Preschool.,www.doi.org/10.1037/dev0000101
dataset-026,10.1080/19320248.2016.1175399,Journal of Hunger & Environmental Nutrition,Veggie Van Pilot Study: Impact of a Mobile Produce Market for Underserved Communities on Fruit and Vegetable Access and Intake,www.doi.org/10.1080/19320248.2016.1175399
dataset-026,10.1007/s13524-016-0485-7,Demography,Progress on Poverty? New Estimates of Historical Trends Using an Anchored Supplemental Poverty Measure,www.doi.org/10.1007/s13524-016-0485-7
dataset-026,10.1007/s10995-017-2317-9,Maternal and Child Health Journal,"Health, Social, and Economic Outcomes Experienced by Families as a Result of Receiving Assistance from a Community-Based Diaper Bank",www.doi.org/10.1007/s10995-017-2317-9
dataset-026,10.3945/jn.115.214486,Journal of Nutrition,Children Receiving Free or Reduced-Price School Lunch Have Higher Food Insufficiency Rates in Summer,www.doi.org/10.3945/jn.115.214486
dataset-026,10.1016/j.amepre.2015.09.024,American Journal of Preventive Medicine,Childhood Adversity and Adult Reports of Food Insecurity Among Households With Children,www.doi.org/10.1016/j.amepre.2015.09.024
dataset-026,10.1016/j.acap.2016.01.004,Academic Pediatrics,Redesigning Health Care Practices to Address Childhood Poverty,www.doi.org/10.1016/j.acap.2016.01.004
dataset-026,10.3945/an.112.003228,Advances in Nutrition,Are Food Insecurity Health Impacts Underestimated in the U.S. Population? Marginal Food Security Also Predicts Adverse Health Outcomes in Young U.S. Children and Mothers,www.doi.org/10.3945/an.112.003228
dataset-026,10.1007/s10964-016-0624-x,Journal of Youth and Adolescence,Means-Tested Public Assistance Programs and Adolescent Political Socialization,www.doi.org/10.1007/s10964-016-0624-x
dataset-026,10.1002/9781119362517.index,A Practical Guide to Analytics for Governments,,www.doi.org/10.1002/9781119362517.index
dataset-026,10.4278/ajhp.140725-quan-366,American Journal of Health Promotion,Early Childhood Disadvantage for Sons of Mexican Immigrants,www.doi.org/10.4278/ajhp.140725-quan-366
dataset-026,10.1016/j.acap.2011.05.004,Academic Pediatrics,Reporting on Continuity of Coverage for Children in Medicaid and CHIP: What States Can Learn from Monitoring Continuity and Duration of Coverage,www.doi.org/10.1016/j.acap.2011.05.004
dataset-026,10.1542/peds.2016-0339,Pediatrics,Poverty and Child Health in the United States,www.doi.org/10.1542/peds.2016-0339
dataset-026,10.1017/s1368980017000258,Public Health Nutrition,Lunch at the library: examination of a community-based approach to addressing summer food insecurity,www.doi.org/10.1017/s1368980017000258
dataset-026,10.1515/bejeap-2013-0083,The B E Journal of Economic Analysis & Policy,Food Insecurity and SNAP Participation in Mexican Immigrant Families: The Impact of the Outreach Initiative,www.doi.org/10.1515/bejeap-2013-0083
dataset-026,10.1007/s13524-012-0115-y,Demography,The Effects of Childhood SNAP Use and Neighborhood Conditions on Adult Body Mass Index,www.doi.org/10.1007/s13524-012-0115-y
dataset-026,10.1001/archpediatrics.2009.199,JAMA Pediatrics,Children of the Recession,www.doi.org/10.1001/archpediatrics.2009.199
dataset-026,10.1371/journal.pone.0111894,PLoS ONE,Nowcasting and Forecasting the Monthly Food Stamps Data in the US Using Online Search Data,www.doi.org/10.1371/journal.pone.0111894
dataset-026,10.1002/pam.21880,Journal of Policy Analysis and Management,FROM WELFARE TO A WORK-BASED SAFETY NET: AN INCOMPLETE TRANSITION,www.doi.org/10.1002/pam.21880
dataset-026,10.1111/joca.12163,Journal of Consumer Affairs,The Relationship between the School Breakfast Program and Food Insecurity,www.doi.org/10.1111/joca.12163
dataset-026,10.1177/0094306117734857,Contemporary Sociology A Journal of Reviews,Why Sociologists Matter in the Welfare Reform Debate*,www.doi.org/10.1177/0094306117734857
dataset-026,10.1016/j.acap.2016.01.008,Academic Pediatrics,Boosting Low-Income Children's Opportunities to Succeed Through Direct Income Support,www.doi.org/10.1016/j.acap.2016.01.008
dataset-026,10.1007/s40471-014-0013-5,Current Epidemiology Reports,Do Social and Economic Policies Influence Health? A Review,www.doi.org/10.1007/s40471-014-0013-5
dataset-026,10.1080/01634372.2018.1454566,Journal of Gerontological Social Work,"Housing needs of grandparent caregivers: grandparent, youth, and professional perspectives",www.doi.org/10.1080/01634372.2018.1454566
dataset-026,10.1007/s10508-014-0320-4,Archives of Sexual Behavior,Female Economic Dependence and the Morality of Promiscuity,www.doi.org/10.1007/s10508-014-0320-4
dataset-026,10.1370/afm.2134,The Annals of Family Medicine,Using State Administrative Data to Identify Social Complexity Risk Factors for Children,www.doi.org/10.1370/afm.2134
dataset-026,10.1080/13557858.2016.1263286,Ethnicity and Health,Severity of household food insecurity and lifetime racial discrimination among African-American households in South Carolina,www.doi.org/10.1080/13557858.2016.1263286
dataset-026,10.1017/s1368980015001603,Public Health Nutrition,Unemployment and household food hardship in the economic recession,www.doi.org/10.1017/s1368980015001603
dataset-026,10.1080/19320248.2012.651386,Journal of Hunger & Environmental Nutrition,Attitudes Toward Fruit and Vegetable Consumption and Farmers' Market Usage Among Low-Income North Carolinians,www.doi.org/10.1080/19320248.2012.651386
dataset-026,10.1007/s10900-015-0111-4,Journal of Community Health,Social and Environmental Determinants of Child Physical Activity in a Rural Mexican-Origin Community,www.doi.org/10.1007/s10900-015-0111-4
dataset-026,10.1542/peds.2013-1021h,Pediatrics,Components Associated With Home Visiting Program Outcomes: A Meta-analysis,www.doi.org/10.1542/peds.2013-1021h
dataset-026,10.1002/hec.1714,Health Economics,The impact of long-term participation in the supplemental nutrition assistance program on child obesity,www.doi.org/10.1002/hec.1714
dataset-026,10.3389/fpsyg.2018.00759,Frontiers in Psychology,Parent Involvement in the Getting Ready for School Intervention Is Associated With Changes in School Readiness Skills,www.doi.org/10.3389/fpsyg.2018.00759
dataset-026,10.1007/s10995-012-1094-8,Maternal and Child Health Journal,Is Maternal Food Security a Predictor of Food and Drink Intake Among Toddlers in Oregon?,www.doi.org/10.1007/s10995-012-1094-8
dataset-026,10.1353/ken.2018.0019,Kennedy Institute of Ethics Journal,An Argument Against Drug Testing Welfare Recipients,www.doi.org/10.1353/ken.2018.0019
dataset-026,10.1111/jftr.12302,Journal of Family Theory & Review,Moving Beyond Program to Population Impact: Toward a Universal Early Childhood System of Care,www.doi.org/10.1111/jftr.12302
dataset-026,10.1177/0269215518758483,Clinical Rehabilitation,"The interrelationships among pain interference, depressive symptoms, loneliness, and employment status: a moderated mediation study",www.doi.org/10.1177/0269215518758483
dataset-026,10.1016/j.appet.2019.01.008,Appetite,"The relationship between food parenting practices, parental diet and their adolescents' diet",www.doi.org/10.1016/j.appet.2019.01.008
dataset-026,10.1016/j.amepre.2015.04.023,American Journal of Preventive Medicine,Improving Social Determinants of Health Effectiveness of a Web-Based Intervention,www.doi.org/10.1016/j.amepre.2015.04.023
dataset-026,10.3390/brainsci9020029,Brain Sciences,"Race, Depression, and Financial Distress in a Nationally Representative Sample of American Adults",www.doi.org/10.3390/brainsci9020029
dataset-026,10.1016/j.whi.2017.09.003,Women's Health Issues,Policy Impact of Research Findings on the Association of Diaper Need and Mental Health,www.doi.org/10.1016/j.whi.2017.09.003
dataset-026,10.1001/jamapediatrics.2018.1785,JAMA Pediatrics,"Comparison of Health, Development, Maternal Bonding, and Poverty Among Children Born After Denial of Abortion vs After Pregnancies Subsequent to an Abortion",www.doi.org/10.1001/jamapediatrics.2018.1785
dataset-026,10.1007/s13524-015-0395-0,Demography,"The Deserving Poor, the Family, and the U.S. Welfare System",www.doi.org/10.1007/s13524-015-0395-0
dataset-026,10.1215/03616878-3702770,Journal of Health Politics Policy and Law,Can Payment Reform Be Social Reform? The Lure and Liabilities of the Triple-Aim,www.doi.org/10.1215/03616878-3702770
dataset-026,10.1111/phn.12378,Public Health Nursing,A diaper bank and home visiting partnership: Initial exploration of research and policy questions,www.doi.org/10.1111/phn.12378
dataset-026,10.1016/j.ssresearch.2012.06.001,Social Science Research,Filling holes in the safety net? Material hardship and subjective well-being among disability benefit applicants and recipients after the 1996 welfare reform,www.doi.org/10.1016/j.ssresearch.2012.06.001
dataset-026,10.5888/pcd12.150269,Preventing Chronic Disease,"Health Promotion Interventions for Low-Income Californians Through Medi-Cal Managed Care Plans, 2012",www.doi.org/10.5888/pcd12.150269
dataset-026,10.1093/sw/swu013,Social Work,Economic Insecurity and Access to the Social Safety Net among Latino Farmworker Families,www.doi.org/10.1093/sw/swu013
dataset-026,10.5888/pcd15.170517,Preventing Chronic Disease,HUD Housing Assistance and Levels of Physical Activity Among Low-Income Adults,www.doi.org/10.5888/pcd15.170517
dataset-026,10.1097/qad.0000000000000978,AIDS,State variation in HIV/AIDS health outcomes,www.doi.org/10.1097/qad.0000000000000978
dataset-026,10.1353/hpu.2014.0040,Journal of Health Care for the Poor and Underserved,Incorporation of Socioeconomic Status Indicators into Policies for the Meaningful Use of Electronic Health Records,www.doi.org/10.1353/hpu.2014.0040
dataset-026,10.1016/j.pcl.2011.09.013,Pediatric Clinics of North America,Practical Approaches to the Treatment of Severe Pediatric Obesity,www.doi.org/10.1016/j.pcl.2011.09.013
dataset-026,10.1007/s10995-015-1871-2,Maternal and Child Health Journal,Influence of Maternal Depression on WIC Participation in Low-Income Families,www.doi.org/10.1007/s10995-015-1871-2
dataset-026,10.1002/pam.21842,Journal of Policy Analysis and Management,INTENDED AND UNINTENDED EFFECTS OF THE WAR ON POVERTY: WHAT RESEARCH TELLS US AND IMPLICATIONS FOR POLICY,www.doi.org/10.1002/pam.21842
dataset-026,10.1542/peds.2009-1100m,Pediatrics,Policy Interventions to Address Child Health Disparities: Moving Beyond Health Insurance,www.doi.org/10.1542/peds.2009-1100m
dataset-026,10.5993/ajhb.40.4.6,American Journal of Health Behavior,"Farm-to-Consumer Retail Outlet Use, Fruit and Vegetable Intake, and Obesity Status among WIC Program Participants in Alabama",www.doi.org/10.5993/ajhb.40.4.6
dataset-026,10.1007/s12134-015-0441-1,Journal of International Migration and Integration,Seeing the Life: Redefining Self-Worth and Family Roles Among Iraqi Refugee Families Resettled in the United States,www.doi.org/10.1007/s12134-015-0441-1
dataset-026,10.1016/j.ecresq.2012.07.007,Early Childhood Research Quarterly,The Child and Adult Care Food Program and the nutrition of preschoolers,www.doi.org/10.1016/j.ecresq.2012.07.007
dataset-026,10.1542/peds.2005-2943,Pediatrics,Heat or Eat: The Low Income Home Energy Assistance Program and Nutritional and Health Risks Among Children Less Than 3 Years of Age,www.doi.org/10.1542/peds.2005-2943
dataset-026,10.3945/jn.114.199919,Journal of Nutrition,Food Insecurity Is Associated with Poor Sleep Outcomes among US Adults,www.doi.org/10.3945/jn.114.199919
dataset-026,10.3233/jvr-191017,Journal of Vocational Rehabilitation,Meeting the need: The hospitality training program of the palm beaches,www.doi.org/10.3233/jvr-191017
dataset-026,10.1080/1059924x.2015.1074973,Journal of Agromedicine,"Participation in the Women, Infants, and Children (WIC) Program as Reported by Documented and Undocumented Farm Worker Adults in the Households",www.doi.org/10.1080/1059924x.2015.1074973
dataset-026,10.1007/s11121-019-0977-y,Prevention Science,Financial Incentives for Promoting Participation in a School-Based Parenting Program in Low-Income Communities,www.doi.org/10.1007/s11121-019-0977-y
dataset-026,10.5034/inquiryjrnl_49.03.08,INQUIRY The Journal of Health Care Organization Provision and Financing,Variation in Medicaid Eligibility and Participation among Adults: Implications for the Affordable Care Act,www.doi.org/10.5034/inquiryjrnl_49.03.08
dataset-026,10.1177/1077558717740444,Medical Care Research and Review,Lifetime Consequences of Early-Life and Midlife Access to Health Insurance: A Review,www.doi.org/10.1177/1077558717740444
dataset-026,10.1002/14651858.cd009820.pub2,Cochrane Database of Systematic Reviews,Welfare-work interventions and their effects on the mental and physical health of lone parents and their children,www.doi.org/10.1002/14651858.cd009820.pub2
dataset-026,10.1542/pir.2017-0123,Pediatrics in Review,Screening for Poverty and Poverty-Related Social Determinants of Health,www.doi.org/10.1542/pir.2017-0123
dataset-026,10.1353/foc.2010.0009,The Future of Children,Mothers' Economic Conditions and Sources of Support in Fragile Families,www.doi.org/10.1353/foc.2010.0009
dataset-026,10.1016/j.acap.2017.12.007,Academic Pediatrics,Randomized Controlled Trial to Prevent Infant Overweight in a High-Risk Population,www.doi.org/10.1016/j.acap.2017.12.007
dataset-026,10.1016/j.ypmed.2018.07.006,Preventive Medicine,Multi-level prevention of human trafficking: The role of health care professionals,www.doi.org/10.1016/j.ypmed.2018.07.006
dataset-026,10.1097/phh.0b013e3181b61069,Journal of Public Health Management and Practice,Building Capacity to Evaluate Health and Nutrition Programs,www.doi.org/10.1097/phh.0b013e3181b61069
dataset-026,10.1007/s10995-011-0779-8,Maternal and Child Health Journal,"Generational Status, Health Insurance, and Public Benefit Participation Among Low-Income Latino Children",www.doi.org/10.1007/s10995-011-0779-8
dataset-026,10.1016/j.evalprogplan.2015.03.009,Evaluation and Program Planning,Home for now: A mixed-methods evaluation of a short-term housing support program for homeless families,www.doi.org/10.1016/j.evalprogplan.2015.03.009
dataset-026,10.1002/hec.3378,Health Economics,The Influence of School Nutrition Programs on the Weight of Low-Income Children: A Treatment Effect Analysis,www.doi.org/10.1002/hec.3378
dataset-026,10.1002/pam.22075,Journal of Policy Analysis and Management,CAN BENEFITS AND INCENTIVES PROMOTE WORK?,www.doi.org/10.1002/pam.22075
dataset-026,10.1177/0002716213499532,The Annals of the American Academy of Political and Social Science,The Great Recession and the Social Safety Net,www.doi.org/10.1177/0002716213499532
dataset-026,10.1542/peds.2014-2888,Pediatrics,Addressing Social Determinants of Health at Well Child Care Visits: A Cluster RCT,www.doi.org/10.1542/peds.2014-2888
dataset-026,10.1017/s1368980014002365,Public Health Nutrition,The relative contribution of layers of the Social Ecological Model to childhood obesity,www.doi.org/10.1017/s1368980014002365
dataset-026,10.2337/dc17-1812,Diabetes Care,Unstable Housing and Diabetes-Related Emergency Department Visits and Hospitalization: A Nationally Representative Study of Safety-Net Clinic Patients,www.doi.org/10.2337/dc17-1812
dataset-026,10.1016/j.jneb.2018.07.008,Journal of Nutrition Education and Behavior,Communicating and Assessing Physical Activity: Outcomes From Cognitive Interviews With Low-Income Adults,www.doi.org/10.1016/j.jneb.2018.07.008
dataset-026,10.1002/pam.21885,Journal of Policy Analysis and Management,SUPPLEMENTING TANF'S WORK REQUIREMENT: A COMPROMISE,www.doi.org/10.1002/pam.21885
dataset-026,10.1001/archpedi.159.6.551,JAMA Pediatrics,Subsidized Housing and Children's Nutritional Status: Data From a Multisite Surveillance Study,www.doi.org/10.1001/archpedi.159.6.551
dataset-026,10.1016/j.appet.2016.03.006,Appetite,Food-related behavior and intake of adult main meal preparers of 9‚ 10 year-old children participating in iCook 4-H: A five-state childhood obesity prevention pilot study,www.doi.org/10.1016/j.appet.2016.03.006
dataset-026,10.1215/03616878-3940468,Journal of Health Politics Policy and Law,"People, Places, Power: Medicaid Concentration and Local Political Participation",www.doi.org/10.1215/03616878-3940468
dataset-026,10.1353/hpu.2017.0134,Journal of Health Care for the Poor and Underserved,The Cost-effectiveness Analysis of Nurse-Family Partnership in the United States,www.doi.org/10.1353/hpu.2017.0134
dataset-026,10.1097/htr.0000000000000458,Journal of Head Trauma Rehabilitation,Healthcare Utilization and Missed Workdays for Parents of Children With Traumatic Brain Injury,www.doi.org/10.1097/htr.0000000000000458
dataset-026,10.1016/j.cedpsych.2016.01.004,Contemporary Educational Psychology,Executive functioning deficits increase kindergarten children's risk for reading and mathematics difficulties in first grade,www.doi.org/10.1016/j.cedpsych.2016.01.004
dataset-026,10.1542/peds.2008-0286,Pediatrics,"A Brief Indicator of Household Energy Security: Associations With Food Security, Child Health, and Child Development in US Infants and Toddlers",www.doi.org/10.1542/peds.2008-0286
dataset-026,10.1016/j.dhjo.2013.03.002,Disability and Health Journal,Health care expenditures among working-age adults with physical disabilities: Variations by disability spans,www.doi.org/10.1016/j.dhjo.2013.03.002
dataset-026,10.1111/cdev.12753,Child Development,The Development of Spatial Skills in Elementary School Students,www.doi.org/10.1111/cdev.12753
dataset-026,10.1016/j.chiabu.2015.07.006,Child Abuse & Neglect,Childhood adversity and behavioral health outcomes for youth: An investigation using state administrative data,www.doi.org/10.1016/j.chiabu.2015.07.006
dataset-026,10.1016/j.chiabu.2016.06.004,Child Abuse & Neglect,"Intersections of family homelessness, CPS involvement, and race in Alameda County, California",www.doi.org/10.1016/j.chiabu.2016.06.004
dataset-026,10.1007/s13524-018-0744-x,Demography,"Prevalence and Risk Factors for Early Motherhood Among Low-Income, Maltreated, and Foster Youth",www.doi.org/10.1007/s13524-018-0744-x
dataset-026,10.1002/pam.21646,Journal of Policy Analysis and Management,Natalist Policies in the United States,www.doi.org/10.1002/pam.21646
dataset-026,10.1177/0886260517691519,Journal of Interpersonal Violence,Depression and Intimate Partner Violence Among African American Women Living in Impoverished Inner-City Neighborhoods,www.doi.org/10.1177/0886260517691519
dataset-026,10.1353/foc.2015.0012,The Future of Children,Cohabitation and Child Wellbeing,www.doi.org/10.1353/foc.2015.0012
dataset-026,10.1017/s1049096516002067,Political Science and Politics,President Obama and the American Welfare State: Transformation or Punctuation?,www.doi.org/10.1017/s1049096516002067
dataset-026,10.1002/pam.21971,Journal of Policy Analysis and Management,Are Parental Welfare Work Requirements Good for Disadvantaged Children? Evidence From Age of Youngest Child Exemptions,www.doi.org/10.1002/pam.21971
dataset-026,10.1002/pam.21850,Journal of Policy Analysis and Management,Introduction to the Research Articles,www.doi.org/10.1002/pam.21850
dataset-026,10.1016/j.socscimed.2014.10.041,Social Science & Medicine,Effects of infant health on family food insecurity: Evidence from two U.S. birth cohort studies,www.doi.org/10.1016/j.socscimed.2014.10.041
dataset-026,10.1002/pam.21833,Journal of Policy Analysis and Management,Waging War on Poverty: Poverty Trends Using a Historical Supplemental Poverty Measure,www.doi.org/10.1002/pam.21833
dataset-026,10.1016/j.childyouth.2012.07.012,Children and Youth Services Review,Examining racial disproportionality in child protective services case decisions,www.doi.org/10.1016/j.childyouth.2012.07.012
dataset-026,10.1007/s11133-011-9213-1,Qualitative Sociology,Figure a Way: Teenage Mothers' Experiences in Shifting Social and Economic Contexts,www.doi.org/10.1007/s11133-011-9213-1
dataset-026,10.1002/hec.3658,Health Economics,Does the earned income tax credit increase children's weight? The impact of policy-driven income on childhood obesity,www.doi.org/10.1002/hec.3658
dataset-026,10.1080/19320248.2014.908449,Journal of Hunger & Environmental Nutrition,Where Are the Fresh Fruits and Vegetables?: A Systematic Exploration of Access to Food Stores Offering Fresh Fruits and Vegetables as Told by Midwestern African American Women,www.doi.org/10.1080/19320248.2014.908449
dataset-026,10.1002/pam.21963,Journal of Policy Analysis and Management,"Child Poverty, the Great Recession, and the Social Safety Net in the United States",www.doi.org/10.1002/pam.21963
dataset-026,10.1111/1468-0009.12306,Milbank Quarterly,"Now Welfare Reform, Of Course",www.doi.org/10.1111/1468-0009.12306
dataset-026,10.1016/j.socscimed.2015.12.020,Social Science & Medicine,Low-income Children's participation in the National School Lunch Program and household food insufficiency,www.doi.org/10.1016/j.socscimed.2015.12.020
dataset-026,10.1080/19320248.2014.962768,Journal of Hunger & Environmental Nutrition,Individual and Neighborhood Predictors of Participation in the Supplemental Nutrition Assistance Program (SNAP) in Los Angeles County,www.doi.org/10.1080/19320248.2014.962768
dataset-026,10.1007/s10995-012-1103-y,Maternal and Child Health Journal,Least Explored Factors Associated with Prenatal Smoking,www.doi.org/10.1007/s10995-012-1103-y
dataset-026,10.1542/peds.2013-3337,Pediatrics,The Association of Generation Status and Health Insurance Among US Children,www.doi.org/10.1542/peds.2013-3337
dataset-026,10.1093/cdn/nzz007,Current Developments in Nutrition,The STRONG Kids 2 Birth Cohort Study: A Cell-to-Society Approach to Dietary Habits and Weight Trajectories across the First 5 Years of Life,www.doi.org/10.1093/cdn/nzz007
dataset-026,10.1002/pam.22072,Journal of Policy Analysis and Management,CAN BENEFITS AND INCENTIVES PROMOTE WORK?,www.doi.org/10.1002/pam.22072
dataset-026,10.1016/j.ehb.2016.04.004,Economics & Human Biology,Effects of maternal depression on family food insecurity,www.doi.org/10.1016/j.ehb.2016.04.004
dataset-026,10.1377/hlthaff.2011.0247,Health Affairs,Health Care Costs Are A Key Driver Of Growth In Federal And State Assistance To Working-Age People With Disabilities,www.doi.org/10.1377/hlthaff.2011.0247
dataset-026,10.1016/b978-0-12-405864-4.00036-3,"Food Security, Poverty and Nutrition Policy Analysis",Index,www.doi.org/10.1016/b978-0-12-405864-4.00036-3
dataset-026,10.1016/j.jadohealth.2018.10.302,Journal of Adolescent Health,Food Insecurity Among Hispanic/Latino Youth: Who Is at Risk and What Are the Health Correlates?,www.doi.org/10.1016/j.jadohealth.2018.10.302
dataset-026,10.1057/9781137520920,,The Policy and Politics of Food Stamps and SNAP,www.doi.org/10.1057/9781137520920
dataset-026,10.4054/demres.2016.35.30,Demographic Research,The Great Recession and America's geography of unemployment,www.doi.org/10.4054/demres.2016.35.30
dataset-026,10.1007/978-3-319-32001-4_75-1,Encyclopedia of Big Data,Diversity,www.doi.org/10.1007/978-3-319-32001-4_75-1
dataset-026,10.1215/03616878-2822610,Journal of Health Politics Policy and Law,Unforeseen Consequences: Medicaid and the Funding of Nonprofit Service Organizations,www.doi.org/10.1215/03616878-2822610
dataset-026,10.1080/19320248.2014.898172,Journal of Hunger & Environmental Nutrition,Supplemental Nutrition Assistance Program Participation Among Child Welfare-ìInvolved Families,www.doi.org/10.1080/19320248.2014.898172
dataset-026,10.1016/j.ecresq.2015.09.003,Early Childhood Research Quarterly,Household chaos and children's cognitive and socio-emotional development in early childhood: Does childcare play a buffering role?,www.doi.org/10.1016/j.ecresq.2015.09.003
dataset-026,10.1177/0003122416653112,American Sociological Review,"Nonmarital First Births, Marriage, and Income Inequality",www.doi.org/10.1177/0003122416653112
dataset-026,10.1542/peds.2013-0645,Pediatrics,Providing Care for Children and Adolescents Facing Homelessness and Housing Insecurity,www.doi.org/10.1542/peds.2013-0645
dataset-026,10.1016/j.jneb.2009.03.133,Journal of Nutrition Education and Behavior,Ohio EFNEP Breaking Ground with A New Curriculum,www.doi.org/10.1016/j.jneb.2009.03.133
dataset-026,10.1377/hlthaff.2013.0096,Health Affairs,Exhaustion Of Food Budgets At Month's End And Hospital Admissions For Hypoglycemia,www.doi.org/10.1377/hlthaff.2013.0096
dataset-026,10.1080/19371910903182849,Social Work in Public Health,Electronic Access to Food and Cash Benefits,www.doi.org/10.1080/19371910903182849
dataset-026,10.1177/0160597617733630,Humanity & Society,Book Review: Taking the Heat: Women Chefs and Gender Inequality in the Professional Kitchen,www.doi.org/10.1177/0160597617733630
dataset-026,10.1016/j.jneb.2016.04.004,Journal of Nutrition Education and Behavior,Participant and Household Characteristics Associated With Graduation From the Expanded Food and Nutrition Education Program,www.doi.org/10.1016/j.jneb.2016.04.004
dataset-026,10.1037/prj0000087,Psychiatric Rehabilitation Journal,The economic status of parents with serious mental illness in the United States.,www.doi.org/10.1037/prj0000087
dataset-026,10.1016/s0140-6736(19)30035-2,The Lancet,Challenges for immigrant health in the USA: the road to crisis,www.doi.org/10.1016/s0140-6736(19)30035-2
dataset-026,10.1007/s10995-018-2547-5,Maternal and Child Health Journal,What's Happening During Home Visits? Exploring the Relationship of Home Visiting Content and Dosage to Parenting Outcomes,www.doi.org/10.1007/s10995-018-2547-5
dataset-026,10.1080/10875549.2015.1094765,Journal of Poverty,SNAP Out of It: A Study of Low-Income Families' Underutilization of Food Stamps,www.doi.org/10.1080/10875549.2015.1094765
dataset-026,10.1007/978-3-319-31816-5_2669-1,"Global Encyclopedia of Public Administration, Public Policy, and Governance",The Poor and Social Policy,www.doi.org/10.1007/978-3-319-31816-5_2669-1
dataset-026,10.1016/j.jpubeco.2014.12.003,Journal of Public Economics,Nutrition and cognitive achievement: An evaluation of the School Breakfast Program,www.doi.org/10.1016/j.jpubeco.2014.12.003
dataset-026,10.1002/pam.21846,Journal of Policy Analysis and Management,"THE WAR ON POVERTY: MEASUREMENT, TRENDS, AND POLICY",www.doi.org/10.1002/pam.21846
dataset-026,10.1111/phn.12375,Public Health Nursing,Addressing the wicked problem of childhood trauma through a nursing and cooperative extension system collaboration,www.doi.org/10.1111/phn.12375
dataset-026,10.1016/j.ehb.2009.05.003,Economics & Human Biology,Does the U.S. Food Stamp Program contribute to adult weight gain?,www.doi.org/10.1016/j.ehb.2009.05.003
dataset-026,10.1542/peds.2013-4059,Pediatrics,"Children's Health Insurance Program (CHIP): Accomplishments, Challenges, and Policy Recommendations",www.doi.org/10.1542/peds.2013-4059
dataset-026,10.1016/j.jneb.2009.03.135,Journal of Nutrition Education and Behavior,Evaluation of a Community Nutrition Intervention to Decrease Hypertension Risk,www.doi.org/10.1016/j.jneb.2009.03.135
dataset-026,10.1353/foc.2011.0001,The Future of Children,"Demography of Immigrant Youth: Past, Present, and Future",www.doi.org/10.1353/foc.2011.0001
dataset-026,10.1177/0733464812463983,Journal of Applied Gerontology,The Needs and Use of Programs by Service Providers Working With Grandparents Raising Grandchildren,www.doi.org/10.1177/0733464812463983
dataset-026,10.1377/hlthaff.2014.0741,Health Affairs,Using Pay-For-Success To Increase Investment In The Nonmedical Determinants Of Health,www.doi.org/10.1377/hlthaff.2014.0741
dataset-026,10.1002/pam.21819,Journal of Policy Analysis and Management,THE U.S. SAFETY NET AND WORK INCENTIVES: THE GREAT RECESSION AND BEYOND,www.doi.org/10.1002/pam.21819
dataset-026,10.1016/j.acap.2016.01.011,Academic Pediatrics,Addressing Child Poverty: How Does the United States Compare With Other Nations?,www.doi.org/10.1016/j.acap.2016.01.011
dataset-026,10.1186/1479-5868-8-109,International Journal of Behavioral Nutrition and Physical Activity,Economic instruments for obesity prevention: results of a scoping review and modified delphi survey,www.doi.org/10.1186/1479-5868-8-109
dataset-026,10.1016/j.childyouth.2010.05.004,Children and Youth Services Review,Meeting children's basic needs: Introduction,www.doi.org/10.1016/j.childyouth.2010.05.004
dataset-026,10.1007/s11121-018-0925-2,Prevention Science,Impact of a Child Abuse Primary Prevention Strategy for New Mothers,www.doi.org/10.1007/s11121-018-0925-2
dataset-026,10.1177/0033354916689662,Public Health Reports,Human Services,www.doi.org/10.1177/0033354916689662
dataset-026,10.1002/pam.21821,Journal of Policy Analysis and Management,THE NEW EMPLOYMENT AND INCOME TAXES,www.doi.org/10.1002/pam.21821
dataset-026,10.1177/1096250616674332,Young Exceptional Children,Beyond Hoping for the Best: Home Visits in Impoverished Urban Areas,www.doi.org/10.1177/1096250616674332
dataset-026,10.1201/9781315365749-12,Food Security and Child Malnutrition,"Household Hardships, Public Programs, and Their Associations with the Health and Development of Very Young Children",www.doi.org/10.1201/9781315365749-12
dataset-026,10.1146/annurev-publhealth-032315-021545,Annual Review of Public Health,"Latino Immigrants, Acculturation, and Health: Promising New Directions in Research",www.doi.org/10.1146/annurev-publhealth-032315-021545
dataset-026,10.1080/10875549.2018.1460739,Journal of Poverty,TANF leavers and economic self-sufficiency: results from a study in Georgia,www.doi.org/10.1080/10875549.2018.1460739
dataset-026,10.1177/0033354917719706,Public Health Reports,Like Peas and Carrots: Combining Wellness Policy Implementation With Classroom Education for Obesity Prevention in the Childcare Setting,www.doi.org/10.1177/0033354917719706
dataset-026,10.1002/pam.20498,Journal of Policy Analysis and Management,Fighting poverty: Attentive policy can make a huge difference,www.doi.org/10.1002/pam.20498
dataset-026,10.1002/pam.20601,Journal of Policy Analysis and Management,The transformation of the Supplemental Nutrition Assistance Program,www.doi.org/10.1002/pam.20601
dataset-026,10.1002/pop4.203,Poverty & Public Policy,Anti-Poverty Effects of In-Kind Transfers Among Divorced or Separated Women in the United States,www.doi.org/10.1002/pop4.203
dataset-026,10.1016/j.socscimed.2017.08.031,Social Science & Medicine,"The land of the sick and the land of the healthy: Disability, bureaucracy, and stigma among people living with poverty and chronic illness in the United States",www.doi.org/10.1016/j.socscimed.2017.08.031
dataset-026,10.1016/j.ypmed.2013.01.018,Preventive Medicine,A farmers' market at a federally qualified health center improves fruit and vegetable intake among low-income diabetics,www.doi.org/10.1016/j.ypmed.2013.01.018
dataset-026,10.1080/10796126.2014.891973,Journal of Children and Poverty,Understanding the link between poverty and food insecurity among children: Does the definition of poverty matter?,www.doi.org/10.1080/10796126.2014.891973
dataset-026,10.1080/19320248.2016.1157554,Journal of Hunger & Environmental Nutrition,Exploring Long-term Food Pantry Use: Differences Between Persistent and Prolonged Typologies of Use,www.doi.org/10.1080/19320248.2016.1157554
dataset-026,10.1080/10875549.2019.1587658,Journal of Poverty,"Predicting Paternalism: Welfare Asset Limits and State-Level Demographic, Economic, and Political Factors",www.doi.org/10.1080/10875549.2019.1587658
dataset-026,10.1007/s11113-015-9373-x,Population Research and Policy Review,"Supplemental Nutrition Assistance Program (SNAP) Use Among Active-Duty Military Personnel, Veterans, and Reservists",www.doi.org/10.1007/s11113-015-9373-x
dataset-026,10.1016/j.jhealeco.2018.11.005,Journal of Health Economics,The unintended effects of place based programs: Fertility and health effects of urban empowerment zones,www.doi.org/10.1016/j.jhealeco.2018.11.005
dataset-026,10.1353/hpu.2019.0021,Journal of Health Care for the Poor and Underserved,Improving Medicaid Access in Times of Health Policy Change: Solutions from Focus Groups with Frontline Enrollment Workers,www.doi.org/10.1353/hpu.2019.0021
dataset-026,10.1080/01488376.2016.1153564,Journal of Social Service Research,State Policy Choices and Responsiveness of the Temporary Assistance for Needy Families Program During the Great Recession,www.doi.org/10.1080/01488376.2016.1153564
dataset-026,10.1111/ssqu.12566,Social Science Quarterly,Do State-Customized TANF Work Policies Actually Reduce Unemployment?*,www.doi.org/10.1111/ssqu.12566
dataset-026,10.1177/0731121416656843,Sociological Perspectives,Logics of Redistribution,www.doi.org/10.1177/0731121416656843
dataset-026,10.1007/s10900-019-00675-0,Journal of Community Health,Combating Child Summer Food Insecurity: Examination of a Community-Based Mobile Meal Program,www.doi.org/10.1007/s10900-019-00675-0
dataset-026,10.1016/j.ehb.2010.10.003,Economics & Human Biology,Can Food Stamps help to reduce Medicare spending on diabetes?,www.doi.org/10.1016/j.ehb.2010.10.003
dataset-026,10.1080/19320248.2016.1146194,Journal of Hunger & Environmental Nutrition,What Factors Influence SNAP Participation? Literature Reflecting Enrollment in Food Assistance Programs From a Social and Behavioral Science Perspective,www.doi.org/10.1080/19320248.2016.1146194
dataset-026,10.1080/01488376.2018.1479341,Journal of Social Service Research,Spatial Analyses of the Impact of Temporary Assistance for Needy Families on Child Neglect Caseloads During the Great Recession,www.doi.org/10.1080/01488376.2018.1479341
dataset-026,10.1016/j.appet.2013.10.016,Appetite,"Diurnal cortisol pattern, eating behaviors and overweight in low-income preschool-aged children",www.doi.org/10.1016/j.appet.2013.10.016
dataset-026,10.1146/annurev-publhealth-040218-044115,Annual Review of Public Health,Policies of Exclusion: Implications for the Health of Immigrants and Their Children,www.doi.org/10.1146/annurev-publhealth-040218-044115
dataset-026,10.1016/j.pmedr.2018.02.018,Preventive Medicine Reports,Family food purchases of high- and low-calorie foods in full-service supermarkets and other food retailers by Black women in an urban US setting,www.doi.org/10.1016/j.pmedr.2018.02.018
dataset-026,10.1016/j.childyouth.2014.04.003,Children and Youth Services Review,From multiple program participation to disconnection: Changing trajectories of TANF and SNAP beneficiaries in Wisconsin,www.doi.org/10.1016/j.childyouth.2014.04.003
dataset-026,10.1080/19320248.2016.1255694,Journal of Hunger & Environmental Nutrition,Using Andersen's Behavioral Model to Predict Participation in the Supplemental Nutrition Assistance Program (SNAP) Among US Adults,www.doi.org/10.1080/19320248.2016.1255694
dataset-026,10.1017/s1368980018000964,Public Health Nutrition,Caregiver perceptions of a fruit and vegetable prescription programme for low-income paediatric patients,www.doi.org/10.1017/s1368980018000964
dataset-026,10.1002/j.2379-3988.2015.tb00082.x,Social Policy Report,Federal Expenditures on Children: What Budget Policy Means for Children's Policy and commentaries,www.doi.org/10.1002/j.2379-3988.2015.tb00082.x
dataset-026,10.1002/pop4.195,Poverty & Public Policy,Focus on Welfare-Reform: More Thoughtful Analysis From a Conservative,www.doi.org/10.1002/pop4.195
dataset-026,10.1089/jwh.2016.5872,Journal of Women's Health,Antenatal Stressful Life Events and Postpartum Depressive Symptoms in the United States: The Role of Women's Socioeconomic Status Indices at the State Level,www.doi.org/10.1089/jwh.2016.5872
dataset-026,10.1080/07399332.2017.1367795,Health Care For Women International,A trauma-informed examination of the hardships experienced by abortion fund patients in the United States,www.doi.org/10.1080/07399332.2017.1367795
dataset-026,10.1007/s10903-018-0817-3,Journal of Immigrant and Minority Health,"Food Insecurity, Cardiometabolic Health, and Health Care in U.S.-Mexico Border Immigrant Adults: An Exploratory Study",www.doi.org/10.1007/s10903-018-0817-3
dataset-026,10.1080/10875549.2015.1094770,Journal of Poverty,The Great Recession and SNAP Caseloads: A Tale of Two States,www.doi.org/10.1080/10875549.2015.1094770
dataset-026,10.1002/pop4.171,Poverty & Public Policy,The TANF Resources Problem,www.doi.org/10.1002/pop4.171
dataset-026,10.1080/15332640.2017.1404956,Journal of Ethnicity in Substance Abuse,Influence of social and neighborhood contexts on smoking cessation among urban minorities,www.doi.org/10.1080/15332640.2017.1404956
dataset-026,10.1016/j.ssresearch.2014.11.017,Social Science Research,Material hardship and 529 college savings plan participation: The mitigating effects of Child Development Accounts,www.doi.org/10.1016/j.ssresearch.2014.11.017
dataset-026,10.1001/jamapediatrics.2017.4301,JAMA Pediatrics,"Trends in Severe Obesity Among Children Aged 2 to 4 Years Enrolled in Special Supplemental Nutrition Program for Women, Infants, and Children From 2000 to 2014",www.doi.org/10.1001/jamapediatrics.2017.4301
dataset-026,10.1080/01488376.2015.1109576,Journal of Social Service Research,Getting Help from 2-1-1: A Statewide Study of Referral Outcomes,www.doi.org/10.1080/01488376.2015.1109576
dataset-026,10.1542/peds.2017-0297,Pediatrics,Adverse Childhood Experiences Among Hispanic Children in Immigrant Families Versus US-Native Families,www.doi.org/10.1542/peds.2017-0297
dataset-026,10.1186/s12939-018-0877-y,International Journal for Equity in Health,Spillover benefit of improved access to healthcare on reducing worry about housing and meal affordability,www.doi.org/10.1186/s12939-018-0877-y
dataset-026,10.1016/j.puhe.2018.11.011,Public Health,Food insufficiency and children with special healthcare needs,www.doi.org/10.1016/j.puhe.2018.11.011
dataset-026,10.1002/pam.21741,Journal of Policy Analysis and Management,Making Ends Meet After Prison,www.doi.org/10.1002/pam.21741
dataset-026,10.1016/j.annepidem.2016.11.012,Annals of Epidemiology,Receipt of public assistance during childhood and hypertension risk in adulthood,www.doi.org/10.1016/j.annepidem.2016.11.012
dataset-026,10.1145/2307729.2307742,Proceedings of the 13th Annual International Conference on Digital Government Research - dg.o '12,e-government legislation meets the poverty threshold: issues for the economically disadvantaged,www.doi.org/10.1145/2307729.2307742
dataset-026,10.1080/07448481.2018.1431901,Journal of American College Health,Unmet demand for short-acting hormonal and long-acting reversible contraception among community college students in Texas,www.doi.org/10.1080/07448481.2018.1431901
dataset-026,10.1080/15332640.2017.1371657,Journal of Ethnicity in Substance Abuse,"Children exposed to alcohol-related problems and DSM-5 alcohol use disorder in San Juan, Puerto Rico",www.doi.org/10.1080/15332640.2017.1371657
dataset-026,10.2202/1944-2858.1087,Poverty & Public Policy,Welfare Reform in the U.S.: A Policy Overview Analysis,www.doi.org/10.2202/1944-2858.1087
dataset-026,10.1016/j.jhealeco.2013.06.005,Journal of Health Economics,The poverty-reducing effect of Medicaid,www.doi.org/10.1016/j.jhealeco.2013.06.005
dataset-026,10.4179/nlf.211.0000006,New Labor Forum,The Feminization of Austerity,www.doi.org/10.4179/nlf.211.0000006
dataset-026,10.1080/10875549.2015.1015069,Journal of Poverty,Why Do Eligible Households Not Participate in Public Antipoverty Programs?: A Review,www.doi.org/10.1080/10875549.2015.1015069
dataset-026,10.1016/j.jand.2018.03.005,Journal of the Academy of Nutrition and Dietetics,"Position of the Academy of Nutrition and Dietetics, Society for Nutrition Education and Behavior, and School Nutrition Association: Comprehensive Nutrition Programs and Services in Schools",www.doi.org/10.1016/j.jand.2018.03.005
dataset-026,10.1016/j.jand.2016.07.020,Journal of the Academy of Nutrition and Dietetics,"The Special Supplemental Nutrition Program for Women, Infants, and Children Fresh Start Randomized Controlled Trial: Baseline Participant Characteristics and Reliability of Measures",www.doi.org/10.1016/j.jand.2016.07.020
dataset-026,10.1016/j.jneb.2018.03.001,Journal of Nutrition Education and Behavior,"Position of the Academy of Nutrition and Dietetics, Society for Nutrition Education and Behavior, and School Nutrition Association: Comprehensive Nutrition Programs and Services in Schools",www.doi.org/10.1016/j.jneb.2018.03.001
dataset-026,10.1007/s10903-015-0229-6,Journal of Immigrant and Minority Health,Economic Hardship and Depression Among Women in Latino Farmworker Families,www.doi.org/10.1007/s10903-015-0229-6
dataset-026,10.1057/9781137482372_7,A Fragile Balance,Enhancing Financial Capability: TANF Bank Accounts,www.doi.org/10.1057/9781137482372_7
dataset-026,10.5304/jafscd.2018.081.010,Journal of Agriculture Food Systems and Community Development,Evaluating Barriers to SNAP/EBT Acceptance in Farmers Markets: A Survey of Farmers,www.doi.org/10.5304/jafscd.2018.081.010
dataset-026,10.1353/foc.2015.0004,The Future of Children,Food Assistance Programs and Child Health,www.doi.org/10.1353/foc.2015.0004
dataset-026,10.1111/j.1465-7287.2010.00246.x,Contemporary Economic Policy,SUPPLEMENTAL NUTRITION ASSISTANCE PROGRAM PARTICIPATION AND HEALTH: EVIDENCE FROM LOW INCOME INDIVIDUALS IN TENNESSEE,www.doi.org/10.1111/j.1465-7287.2010.00246.x
dataset-026,10.1016/j.ssresearch.2011.10.001,Social Science Research,Understanding the geography of food stamp program participation: Do space and place matter?,www.doi.org/10.1016/j.ssresearch.2011.10.001
dataset-026,10.1353/foc.2011.0006,The Future of Children,Poverty and Program Participation among Immigrant Children,www.doi.org/10.1353/foc.2011.0006
dataset-026,10.1016/j.jhealeco.2019.02.003,Journal of Health Economics,Contemporaneous and Long-term Effects of Childrens' Public Health Insurance Expansions on Supplemental Security Income Participation,www.doi.org/10.1016/j.jhealeco.2019.02.003
dataset-026,10.1007/s11113-018-9481-5,Population Research and Policy Review,SNAP Benefits and Pregnancy-Related Emergency Room Visits,www.doi.org/10.1007/s11113-018-9481-5
dataset-026,10.1080/01488376.2016.1235070,Journal of Social Service Research,"Racial Disparities in Welfare Dependence and Financial Independence: Links to Human Capital, Local Economy, and State Temporary Assistance for Needy Families Policies",www.doi.org/10.1080/01488376.2016.1235070
dataset-026,10.1016/j.ssresearch.2016.03.001,Social Science Research,Reversing welfare reform? Immigrant restoration efforts and food stamp receipt among Mexican immigrant families,www.doi.org/10.1016/j.ssresearch.2016.03.001
dataset-026,10.1080/19320248.2018.1465002,Journal of Hunger & Environmental Nutrition,"SNAP benefit levels and enrollment rates by race and place: evidence from Georgia, 2007-2013",www.doi.org/10.1080/19320248.2018.1465002
dataset-026,10.1002/pop4.175,Poverty & Public Policy,Restoring the Entrails of Welfare Reform,www.doi.org/10.1002/pop4.175
dataset-026,10.1146/annurev-publhealth-031811-124658,Annual Review of Public Health,"Health Inequalities: Trends, Progress, and Policy",www.doi.org/10.1146/annurev-publhealth-031811-124658
dataset-026,10.1002/ajpa.22161,American Journal of Physical Anthropology,Coping and the biosocial consequences of food insecurity in the 21st century,www.doi.org/10.1002/ajpa.22161
dataset-026,10.1016/j.jand.2018.08.167,Journal of the Academy of Nutrition and Dietetics,Integrating Healthy Eating into Evidence-Based Home Visiting Models: An Analysis of Programs and Opportunities for Dietetic Practice,www.doi.org/10.1016/j.jand.2018.08.167
dataset-026,10.1007/s10995-013-1224-y,Maternal and Child Health Journal,Prevalence and Risk Factors for Postpartum Depressive Symptoms Among Women Enrolled in WIC,www.doi.org/10.1007/s10995-013-1224-y
dataset-026,10.5304/jafscd.2016.071.003,Journal of Agriculture Food Systems and Community Development,Effectiveness of a SNAP-Ed Nutrition Education Booth at Farmers Markets,www.doi.org/10.5304/jafscd.2016.071.003
dataset-026,10.1002/pop4.148,Poverty & Public Policy,Poverty in the United States: A Review of Relevant Programs,www.doi.org/10.1002/pop4.148
dataset-026,10.7312/kess18034-006,Democracy and the Welfare State,Privatization and Self-Responsibility Patterns of Welfare-State Development in Europe and the United States Since the 1990s,www.doi.org/10.7312/kess18034-006
dataset-026,10.1177/1049731515589373,Research on Social Work Practice,Reconceiving SNAP,www.doi.org/10.1177/1049731515589373
dataset-026,10.1787/soc_glance-2016-20-en,Society at a Glance,Recipients of out-of-work benefits,www.doi.org/10.1787/soc_glance-2016-20-en
dataset-026,10.2753/jei0021-3624430414,Journal of Economic Issues,,www.doi.org/10.2753/jei0021-3624430414
dataset-026,10.1002/pop4.162,Poverty & Public Policy,Progressive State Taxes and Welfare,www.doi.org/10.1002/pop4.162
dataset-026,10.1177/0002716214531385,The Annals of the American Academy of Political and Social Science,Family Complexity,www.doi.org/10.1177/0002716214531385
dataset-026,10.1016/j.giq.2013.04.002,Government Information Quarterly,e-Government legislation: Implementation issues for programs for low-income people,www.doi.org/10.1016/j.giq.2013.04.002
dataset-026,10.1177/00197939140670s306,ILR Review,Labor Market Analysis and Labor Policymaking in the Nation's Capital,www.doi.org/10.1177/00197939140670s306
dataset-026,10.1111/jora.12272,Journal of Research on Adolescence,Unauthorized Status and Youth Development in the United States: Consensus Statement of the Society for Research on Adolescence,www.doi.org/10.1111/jora.12272
dataset-026,10.1002/j.2379-3988.2011.tb00068.x,Social Policy Report,Household Food Insecurity: Serious Concerns for Child Development and commentaries,www.doi.org/10.1002/j.2379-3988.2011.tb00068.x
dataset-026,10.23889/ijpds.v3i5.1078,International Journal for Population Data Science,"The Use of Blended Data to Improve Public Assistance Programs: Results from a Partnership between the U.S. Census Bureau, USDA, and State Program Agencies",www.doi.org/10.23889/ijpds.v3i5.1078
dataset-026,10.1002/9781118625392.wbecp118,The Encyclopedia of Clinical Psychology,Kinship Care,www.doi.org/10.1002/9781118625392.wbecp118
dataset-026,10.1080/15575330.2014.991410,Community Development,Place-based economic development: examining the relationship between the US Supplemental Nutrition Assistance Program and farmers markets in Mississippi,www.doi.org/10.1080/15575330.2014.991410
dataset-026,10.1177/1532440018775424,State Politics & Policy Quarterly,Less Bang for Your Buck? How Social Capital Constrains the Effectiveness of Social Welfare Spending,www.doi.org/10.1177/1532440018775424
dataset-026,10.3233/jem-2011-0349,Journal of Economic and Social Measurement,Asset and reporting policies in the Supplemental Nutrition Assistance Program,www.doi.org/10.3233/jem-2011-0349
dataset-026,10.1007/s10488-015-0632-2,Administration and Policy in Mental Health and Mental Health Services Research,Mental Health and Substance Abuse Service Engagement by Men and Women During Community Reentry Following Incarceration,www.doi.org/10.1007/s10488-015-0632-2
dataset-026,10.1016/j.ecresq.2017.07.002,Early Childhood Research Quarterly,The selection of preschool for immigrant and native-born Latino families in the United States,www.doi.org/10.1016/j.ecresq.2017.07.002
dataset-026,10.1007/s10754-014-9142-0,International Journal of Health Economics and Management,The US healthcare workforce and the labor market effect on healthcare spending and health outcomes,www.doi.org/10.1007/s10754-014-9142-0
dataset-026,10.1056/nejmp1603516,New England Journal of Medicine,Saving Tiny Tim: Pediatrics and Childhood Poverty in the United States,www.doi.org/10.1056/nejmp1603516
dataset-026,10.1017/s1368980014000433,Public Health Nutrition,Factors associated with alcohol consumption patterns in a Puerto Rican urban cohort,www.doi.org/10.1017/s1368980014000433
dataset-026,10.1377/hlthaff.2015.0814,Health Affairs,"Variation In Health Outcomes: The Role Of Spending On Social Services, Public Health, And Health Care, 2000-09",www.doi.org/10.1377/hlthaff.2015.0814
dataset-026,10.1007/s11113-013-9310-9,Population Research and Policy Review,The Great Recession and the Changing Geography of Food Stamp Receipt,www.doi.org/10.1007/s11113-013-9310-9
dataset-026,10.1186/s12889-017-4363-z,BMC Public Health,The health and healthcare impact of providing insurance coverage to uninsured children: A prospective observational study,www.doi.org/10.1186/s12889-017-4363-z
dataset-026,10.1016/j.foodpol.2018.01.010,Food Policy,In-kind benefits and household behavior: The impact of SNAP on food-away-from-home consumption,www.doi.org/10.1016/j.foodpol.2018.01.010
dataset-026,10.1080/10502556.2012.725354,Journal of Divorce & Remarriage,Economic Costs and Policy Implications Associated With Divorce: Texas as a Case Study,www.doi.org/10.1080/10502556.2012.725354
dataset-026,10.1016/j.pcl.2015.08.006,Pediatric Clinics of North America,"Caring for Children in Immigrant Families Vulnerabilities, Resilience, and Opportunities",www.doi.org/10.1016/j.pcl.2015.08.006
dataset-026,10.1016/j.erss.2015.04.010,Energy Research & Social Science,Benefit or burden? Perceptions of energy efficiency efforts among low-income housing residents in New York City,www.doi.org/10.1016/j.erss.2015.04.010
dataset-026,10.1542/peds.2017-3608,Pediatrics,Free Tax Services in Pediatric Clinics,www.doi.org/10.1542/peds.2017-3608
dataset-026,10.1177/1044207312474308,Journal of Disability Policy Studies,Participation in Safety-Net Programs and the Utilization of Employment Services Among Working-Age Persons With Disabilities,www.doi.org/10.1177/1044207312474308
dataset-026,10.1002/pop4.164,Poverty & Public Policy,"How Successful Has TANF Been? Taking Seriously a Thoughtful Analysis From the Right, With a Tip of the Hat to Peter the Citizen",www.doi.org/10.1002/pop4.164
dataset-026,10.1016/j.whi.2019.01.006,Women's Health Issues,Multiple Job Holding and Mental Health among Low-Income Mothers,www.doi.org/10.1016/j.whi.2019.01.006
dataset-026,10.1080/01634372.2015.1019657,Journal of Gerontological Social Work,Economic Well-Being Among Older-Adult Households: Variation by Veteran and Disability Status,www.doi.org/10.1080/01634372.2015.1019657
dataset-026,10.1017/s1068280500005074,Agricultural and Resource Economics Review,Supplemental Nutrition Assistance Program Participation and Local Program Outreach and Eligibility Services,www.doi.org/10.1017/s1068280500005074
dataset-026,10.1007/978-3-319-76048-3,SpringerBriefs in Public Health,Identifying and Addressing Childhood Food Insecurity in Healthcare and Community Settings,www.doi.org/10.1007/978-3-319-76048-3
dataset-026,10.1111/jlme.12104,The Journal of Law Medicine & Ethics,Obesity Prevention in the Early Care and Education Setting: Successful Initiatives across a Spectrum of Opportunities,www.doi.org/10.1111/jlme.12104
dataset-026,10.1016/j.jneb.2016.10.011,Journal of Nutrition Education and Behavior,Exploring the Parents' Attitudes and Perceptions About School Breakfast to Understand Why Participation Is Low in a Rural Midwest State,www.doi.org/10.1016/j.jneb.2016.10.011
dataset-026,10.1080/00036846.2014.929623,Applied Economics,If at first you don't succeed: applying for and staying on the Supplemental Nutrition Assistance Program,www.doi.org/10.1080/00036846.2014.929623
dataset-026,10.1016/j.jneb.2017.10.008,Journal of Nutrition Education and Behavior,The Nutrition Literacy Assessment Instrument is a Valid and Reliable Measure of Nutrition Literacy in Adults with Chronic Disease,www.doi.org/10.1016/j.jneb.2017.10.008
dataset-026,10.1016/j.acap.2017.04.015,Academic Pediatrics,Road to the Future: Priorities for Child Health Services Research,www.doi.org/10.1016/j.acap.2017.04.015
dataset-026,10.1007/s10826-017-0779-4,Journal of Child and Family Studies,An Evaluation of a Dollar-for-Dollar Match Program at Farmers' Markets for Families Using Supplemental Nutrition Assistance Program Benefits,www.doi.org/10.1007/s10826-017-0779-4
dataset-026,10.1377/hlthaff.2017.0331,Health Affairs,Estimating The Effects Of Health Insurance And Other Social Programs On Poverty Under The Affordable Care Act,www.doi.org/10.1377/hlthaff.2017.0331
dataset-026,10.1016/j.ssresearch.2015.04.007,Social Science Research,Immigrant use of public assistance and mode of entry: Demographics versus dependence,www.doi.org/10.1016/j.ssresearch.2015.04.007
dataset-026,10.1146/annurev-soc-060116-053300,Annual Review of Sociology,The Social Safety Net after Welfare Reform: Recent Developments and Consequences for Household Dynamics,www.doi.org/10.1146/annurev-soc-060116-053300
dataset-026,10.1097/dbp.0000000000000462,Journal of Developmental and Behavioral Pediatrics,Conferring Disadvantage,www.doi.org/10.1097/dbp.0000000000000462
dataset-026,10.1057/9781137482372,,"A Fragile Balance, Emergency Savings and Liquid Resources for Low-Income Consumers",www.doi.org/10.1057/9781137482372
dataset-026,10.1093/aje/kws187,American Journal of Epidemiology,Individual- and School-Level Sociodemographic Predictors of Obesity Among New York City Public School Children,www.doi.org/10.1093/aje/kws187
dataset-026,10.2753/jei0021-3624460304,Journal of Economic Issues,State Immigration Legislation and SNAP Take-Up Among Immigrant Families with Children,www.doi.org/10.2753/jei0021-3624460304
dataset-026,10.1007/s11205-018-02053-0,Social Indicators Research,The Effect of Benefit Underreporting on Estimates of Poverty in the United States,www.doi.org/10.1007/s11205-018-02053-0
dataset-026,10.1080/15588742.2016.1222924,Journal of Policy Practice,Financial Strain and Participation in the Supplemental Nutrition Assistance Program,www.doi.org/10.1080/15588742.2016.1222924
dataset-026,10.1007/s11524-015-9984-x,Journal of Urban Health,"Constrained, Convenient, and Symbolic Consumption: Neighborhood Food Environments and Economic Coping Strategies among the Urban Poor",www.doi.org/10.1007/s11524-015-9984-x
dataset-026,10.1016/j.foodpol.2010.05.010,Food Policy,The effects of SNAP and WIC programs on nutrient intakes of children,www.doi.org/10.1016/j.foodpol.2010.05.010
dataset-026,10.1007/s11150-014-9270-9,Review of Economics of the Household,Food assistance and family routines in three American Cities,www.doi.org/10.1007/s11150-014-9270-9
dataset-026,10.1542/peds.2013-2145,Pediatrics,"Incidence of Obesity Among Young US Children Living in Low-Income Families, 2008-2011",www.doi.org/10.1542/peds.2013-2145
dataset-026,10.4324/9781315081908,,Building an Opportunity Society,www.doi.org/10.4324/9781315081908
dataset-026,10.1007/978-94-017-7288-4,,Population Change in the United States,www.doi.org/10.1007/978-94-017-7288-4
dataset-026,10.1016/j.jneb.2013.07.013,Journal of Nutrition Education and Behavior,Understanding African American Women's Decisions to Buy and Eat Dark Green Leafy Vegetables: An Application of the Reasoned Action Approach,www.doi.org/10.1016/j.jneb.2013.07.013
dataset-026,10.1016/j.jpubeco.2013.03.009,Journal of Public Economics,WIC in your neighborhood: New evidence on the impacts of geographic access to clinics,www.doi.org/10.1016/j.jpubeco.2013.03.009
dataset-026,10.1097/phh.0000000000000286,Journal of Public Health Management and Practice,High School Completion Programs,www.doi.org/10.1097/phh.0000000000000286
dataset-026,10.1080/10522158.2013.834022,Journal of Family Social Work,Identifying Unmet Needs: Recommendations for Creating a Model Kinship Subsidy Program,www.doi.org/10.1080/10522158.2013.834022
dataset-026,10.1080/19320248.2014.962779,Journal of Hunger & Environmental Nutrition,"Nativity, Not Acculturation, Predicts SNAP Usage Among Low-income Hispanics With Food Insecurity",www.doi.org/10.1080/19320248.2014.962779
dataset-026,10.3233/npm-15814098,Journal of Neonatal-Perinatal Medicine,Born early and born poor: An eco-bio-developmental model for poverty and preterm birth,www.doi.org/10.3233/npm-15814098
dataset-026,10.1007/978-1-4419-7674-1,International Series on Consumer Science,"U.S. Social Welfare Reform, Policy Transitions from 1981 to the Present",www.doi.org/10.1007/978-1-4419-7674-1
dataset-026,10.1080/15588742.2017.1344603,Journal of Policy Practice,How Means-Tested Transfer Programs Respond to Household Earned-Income Increases: Policy and Practice,www.doi.org/10.1080/15588742.2017.1344603
dataset-026,10.1177/1077559514562066,Child Maltreatment,Report of the APSAC Task Force on Evidence-Based Service Planning Guidelines for Child Welfare,www.doi.org/10.1177/1077559514562066
dataset-026,10.1606/1044-3894.4153,Families in Society The Journal of Contemporary Social Services,Lost Leavers: Uncovering the Circumstances of those without Welfare and without Work,www.doi.org/10.1606/1044-3894.4153
dataset-026,10.1108/s0147-912120140000039006,Research in Labor Economics,The Impact of Temporary Assistance Programs on Disability Rolls and Re-employment Abstract Notes Acknowledgments,www.doi.org/10.1108/s0147-912120140000039006
dataset-026,10.1016/j.jpolmod.2016.05.003,Journal of Policy Modeling,Supplemental Nutrition Assistance Program and food insecurity among families with children,www.doi.org/10.1016/j.jpolmod.2016.05.003
dataset-026,10.4337/9781782549437.00013,Labour Administration in Uncertain Times,Active labour market policies and programmes in Japan and the USA: will East meet West?,www.doi.org/10.4337/9781782549437.00013
dataset-026,10.1111/ssqu.12450,Social Science Quarterly,New Social Program Participation During the Great Recession: The Case of SNAP*,www.doi.org/10.1111/ssqu.12450
dataset-026,10.1177/0002716216678391,The Annals of the American Academy of Political and Social Science,Linking Federal Surveys with Administrative Data to Improve Research on Families,www.doi.org/10.1177/0002716216678391
dataset-026,10.1080/19320248.2010.527277,Journal of Hunger & Environmental Nutrition,Food Insecurity After Leaving SNAP,www.doi.org/10.1080/19320248.2010.527277
dataset-026,10.1080/19320248.2015.1045674,Journal of Hunger & Environmental Nutrition,The Georgia WIC Farmers' Market Nutrition Program's Influence on Fruit and Vegetable Intake and Nutrition Knowledge and Competencies Among Urban African American Women and Children,www.doi.org/10.1080/19320248.2015.1045674
dataset-026,10.1111/padr.12227,Population and Development Review,Living Arrangements and Household Complexity among Undocumented Immigrants,www.doi.org/10.1111/padr.12227
dataset-026,10.1177/0002716210394774,The Annals of the American Academy of Political and Social Science,"Young Disadvantaged Men: Fathers, Families, Poverty, and Policy",www.doi.org/10.1177/0002716210394774
dataset-026,10.1080/05775132.2018.1543679,Challenge,11 Ways American Workers Are Falling Behind the Rest of the World,www.doi.org/10.1080/05775132.2018.1543679
dataset-026,10.1016/j.jhealeco.2018.10.004,Journal of Health Economics,Unemployment Insurance and Cigarette Smoking,www.doi.org/10.1016/j.jhealeco.2018.10.004
dataset-026,10.1017/s1068280500004160,Agricultural and Resource Economics Review,"The Supplemental Nutrition Assistance Program, Financial Stress, and Childhood Obesity",www.doi.org/10.1017/s1068280500004160
dataset-026,10.1057/9781137476630_6,Poverty in the United States,Supplemental Nutrition Assistance Program and the Earned Income Tax Credit,www.doi.org/10.1057/9781137476630_6
dataset-026,10.1002/soej.12171,Southern Economic Journal,The Impact of SNAP on Material Hardships: Evidence From Broad-Based Categorical Eligibility Expansions,www.doi.org/10.1002/soej.12171
dataset-026,10.1080/15588742.2016.1191268,Journal of Policy Practice,Characteristics of Low-Income Able-Bodied Adults Without Dependents: Implications for Public Policy,www.doi.org/10.1080/15588742.2016.1191268
dataset-026,10.7312/dett17284-005,Immigrant and Refugee Children and Families,Federal Policy Implications for Immigrant Children and Families,www.doi.org/10.7312/dett17284-005
dataset-026,10.1007/s10834-016-9492-5,Journal of Family and Economic Issues,Government Subsidies and Household Debt Burden After the Great Recession,www.doi.org/10.1007/s10834-016-9492-5
dataset-026,10.1002/soej.12135,Southern Economic Journal,The Impact of SNAP Vehicle Asset Limits on Household Asset Allocation,www.doi.org/10.1002/soej.12135
dataset-026,10.1016/j.foodpol.2016.10.002,Food Policy,Do SNAP participants expand non-food spending when they receive more SNAP Benefits?Evidence from the 2009 SNAP benefits increase,www.doi.org/10.1016/j.foodpol.2016.10.002
dataset-026,10.1111/ssqu.12226,Social Science Quarterly,Bundling Public and Charitable Supports to Cope with the Effects of the Great Recession*,www.doi.org/10.1111/ssqu.12226
dataset-026,10.1016/j.cppeds.2010.08.002,Current Problems in Pediatric and Adolescent Health Care,Childhood Poverty and the Social Safety Net,www.doi.org/10.1016/j.cppeds.2010.08.002
dataset-026,10.1201/9781315365763-12,Food Insecurity and Disease,Obesity Prevention and National Food Security: A Food Systems Approach,www.doi.org/10.1201/9781315365763-12