ISSN,datasets,doi,journal,title,url
2052-4463,dataset-623,10.1038/s41597-019-0333-x,Scientific data,An extreme sea level indicator for the contiguous United States coastline.,https://doi.org/10.1038/s41597-019-0333-x
2375-2548,dataset-623,10.1126/sciadv.aaw9883,Science advances,The polar regions in a 2°C warmer world.,https://doi.org/10.1126/sciadv.aaw9883
2041-1723,dataset-623,10.1038/s41467-019-13552-0,Nature communications,Author Correction: New elevation data triple estimates of global vulnerability to sea-level rise and coastal flooding.,https://doi.org/10.1038/s41467-019-13552-0
2045-2322,dataset-623,10.1038/s41598-019-54239-2,Scientific reports,"Global ocean freshening, ocean mass increase and global mean sea level rise over 2005-2015.",https://doi.org/10.1038/s41598-019-54239-2
1932-6203,dataset-623,10.1371/journal.pone.0225048,PloS one,Cold-related Florida manatee mortality in relation to air and water temperatures.,https://doi.org/10.1371/journal.pone.0225048
2041-1723,dataset-623,10.1038/s41467-019-12874-3,Nature communications,Asynchronous Antarctic and Greenland ice-volume contributions to the last interglacial sea-level highstand.,https://doi.org/10.1038/s41467-019-12874-3
1424-8220,dataset-623,,"Sensors (Basel, Switzerland)",Prediction of Sea Level Nonlinear Trends around Shandong Peninsula from Satellite Altimetry.,
2375-2548,dataset-623,10.1126/sciadv.aaw5980,Science advances,Lake sediments with Azorean tephra reveal ice-free conditions on coastal northwest Spitsbergen during the Last Glacial Maximum.,https://doi.org/10.1126/sciadv.aaw5980
1879-1026,dataset-623,,The Science of the total environment,The adaptation towards climate change impacts among islanders in Malaysia.,
1095-8630,dataset-623,,Journal of environmental management,Managed retreat for climate change adaptation in coastal megacities: A comparison of policy and practice in Manila and Vancouver.,
2352-3409,dataset-623,10.1016/j.dib.2019.104600,Data in brief,Relative sea-level data from the SEAMIS database compared to ICE-5G model predictions of glacial isostatic adjustment.,https://doi.org/10.1016/j.dib.2019.104600
2352-3409,dataset-623,10.1016/j.dib.2019.104585,Data in brief,Dataset of global extreme climatic indices due to an acceleration of ice sheet melting during the 21st century.,https://doi.org/10.1016/j.dib.2019.104585
2041-1723,dataset-623,10.1038/s41467-019-12808-z,Nature communications,New elevation data triple estimates of global vulnerability to sea-level rise and coastal flooding.,https://doi.org/10.1038/s41467-019-12808-z
1590-3729,dataset-623,,"Nutrition, metabolism, and cardiovascular diseases : NMCD",Does a rise in plasma erythropoietin after high-altitude exposure affect FGF23 in healthy volunteers on a normal or low-phosphorus diet?,
1660-4601,dataset-623,,International journal of environmental research and public health,Improved Estimates of Population Exposure in Low-Elevation Coastal Zones of China.,
2375-2548,dataset-623,10.1126/sciadv.aax2215,Science advances,Troughs developed in ice-stream shear margins precondition ice shelves for ocean-driven breakup.,https://doi.org/10.1126/sciadv.aax2215
1365-2486,dataset-623,10.1111/gcb.14800,Global change biology,Extreme spatial heterogeneity in carbonate accretion potential on a Caribbean fringing reef linked to local human disturbance gradients.,https://doi.org/10.1111/gcb.14800
2223-7747,dataset-623,,"Plants (Basel, Switzerland)",Differential Effects of Increasing Salinity on Germination and Seedling Growth of Native and Exotic Invasive Cordgrasses.,
1476-4687,dataset-623,10.1038/s41586-019-1550-3,Nature,Rapid expansion of Greenland's low-permeability ice slabs.,https://doi.org/10.1038/s41586-019-1550-3
2041-1723,dataset-623,10.1038/s41467-019-11602-1,Nature communications,Mekong delta much lower than previously assumed in sea-level rise impact assessments.,https://doi.org/10.1038/s41467-019-11602-1
1432-1009,dataset-623,10.1007/s00267-019-01198-z,Environmental management,Do the Adaptations of Venice and Miami to Sea Level Rise Offer Lessons for Other Vulnerable Coastal Cities?,https://doi.org/10.1007/s00267-019-01198-z
1932-6203,dataset-623,10.1371/journal.pone.0218558,PloS one,Insights into estuary habitat loss in the western United States using a new method for mapping maximum extent of tidal wetlands.,https://doi.org/10.1371/journal.pone.0218558
1095-8290,dataset-623,,Annals of botany,Seeds of change: characterizing the soil seed bank of a migrating salt marsh.,
2167-8359,dataset-623,10.7717/peerj.7397,PeerJ,262 Voyages Beneath the Sea: a global assessment of macro- and megafaunal biodiversity and research effort at deep-sea hydrothermal vents.,https://doi.org/10.7717/peerj.7397
0169-555X,dataset-623,10.1016/j.geomorph.2018.04.001,"Geomorphology (Amsterdam, Netherlands)","Response of a vulnerable barrier island to multi-year storm impacts: LiDAR-data-inferred morphodynamic changes on Ship Island, Mississippi, USA.",https://doi.org/10.1016/j.geomorph.2018.04.001
1996-1421,dataset-623,10.4102/jamba.v11i1.660,"Jamba (Potchefstroom, South Africa)","Flood risk reduction in the northern coast of Central Java Province, Indonesia: An application of stakeholder's analysis.",https://doi.org/10.4102/jamba.v11i1.660
2045-7758,dataset-623,10.1002/ece3.5215,Ecology and evolution,Feedback of coastal marshes to climate change: Long-term phenological shifts.,https://doi.org/10.1002/ece3.5215
0546-1766,dataset-623,10.11236/jph.66.7_348,[Nihon koshu eisei zasshi] Japanese journal of public health,[Risk perception of tsunamis and the willingness to evacuate of junior high school students living in coastal areas].,https://doi.org/10.11236/jph.66.7_348
1932-6203,dataset-623,10.1371/journal.pone.0218430,PloS one,Redating the earliest evidence of the mid-Holocene relative sea-level highstand in Australia and implications for global sea-level rise.,https://doi.org/10.1371/journal.pone.0218430
1939-9170,dataset-623,10.1002/ecy.2813,Ecology,Pattern and scale: evaluating generalities in crab distributions and marsh dynamics from small plots to a national scale.,https://doi.org/10.1002/ecy.2813
1529-8817,dataset-623,10.1111/jpy.12892,Journal of phycology,Dual influence of terrestrial and marine historical processes on the phylogeography of the Brazilian intertidal red alga Gracilaria caudata.,https://doi.org/10.1111/jpy.12892
2352-3409,dataset-623,10.1016/j.dib.2019.103975,Data in brief,"Residential flood vulnerability along the developed North Carolina, USA coast: High resolution social and physical data for decision support.",https://doi.org/10.1016/j.dib.2019.103975
1365-2656,dataset-623,10.1111/1365-2656.13041,The Journal of animal ecology,Habitat selection can reduce effects of extreme climatic events in a long-lived shorebird.,https://doi.org/10.1111/1365-2656.13041
1879-1026,dataset-623,,The Science of the total environment,Characterization of coastal wetland soil organic matter: Implications for wetland submergence.,
1932-6203,dataset-623,10.1371/journal.pone.0216540,PloS one,Bird community shifts associated with saltwater exposure in coastal forests at the leading edge of rising sea level.,https://doi.org/10.1371/journal.pone.0216540
1471-8391,dataset-623,10.1093/bmb/ldz011,British medical bulletin,Health impact of climate change in cities of middle-income countries: the case of China.,https://doi.org/10.1093/bmb/ldz011
1654-9880,dataset-623,10.1080/16549716.2019.1603683,Global health action,"Climate change, food security and health in Kiribati: a narrative review of the literature.",https://doi.org/10.1080/16549716.2019.1603683
1469-185X,dataset-623,10.1111/brv.12514,Biological reviews of the Cambridge Philosophical Society,A general framework for propagule dispersal in mangroves.,https://doi.org/10.1111/brv.12514
1879-0291,dataset-623,,Marine environmental research,Light limitation selects for depth generalists in urbanised reef coral communities.,
1932-6203,dataset-623,10.1371/journal.pone.0215651,PloS one,Simulating beach and dune evolution at decadal to centennial scale under rising sea levels.,https://doi.org/10.1371/journal.pone.0215651
1095-8630,dataset-623,,Journal of environmental management,Willingness to pay for protection from storm surge damages under climate change in Halifax Regional Municipality.,
1476-4687,dataset-623,10.1038/s41586-019-1071-0,Nature,Global glacier mass changes and their contributions to sea-level rise from 1961 to 2016.,https://doi.org/10.1038/s41586-019-1071-0
1932-6203,dataset-623,10.1371/journal.pone.0213641,PloS one,Vulnerability of the agricultural sector to climate change: The development of a pan-tropical Climate Risk Vulnerability Assessment to inform sub-national decision making.,https://doi.org/10.1371/journal.pone.0213641
1874-7841,dataset-623,10.1007/s11852-018-0605-1,Journal of coastal conservation,Adding to the toolbox for tidal-inundation mapping in estuarine areas.,https://doi.org/10.1007/s11852-018-0605-1
1095-8630,dataset-623,,Journal of environmental management,Spatial Bayesian Network for predicting sea level rise induced coastal erosion in a small Pacific Island.,
2041-1723,dataset-623,10.1038/s41467-019-08842-6,Nature communications,Role of carbonate burial in Blue Carbon budgets.,https://doi.org/10.1038/s41467-019-08842-6
2045-2322,dataset-623,10.1038/s41598-019-38562-2,Scientific reports,Ocean variability and air-sea fluxes produced by atmospheric rivers.,https://doi.org/10.1038/s41598-019-38562-2
1879-1026,dataset-623,,The Science of the total environment,Risk of extreme events in delta environment: A case study of the Mahanadi delta.,
2041-1723,dataset-623,10.1038/s41467-019-08522-5,Nature communications,Direct measurements of ice-shelf flexure caused by surface meltwater ponding and drainage.,https://doi.org/10.1038/s41467-019-08522-5
1879-1026,dataset-623,,The Science of the total environment,Combined effects of climate change and sea-level rise project dramatic habitat loss of the globally endangered Bengal tiger in the Bangladesh Sundarbans.,
1090-2414,dataset-623,,Ecotoxicology and environmental safety,Sensitivity to salinization and acclimation potential of amphibian (Pelophylax perezi) and fish (Lepomis gibbosus) models.,
1091-6490,dataset-623,10.1073/pnas.1812883116,Proceedings of the National Academy of Sciences of the United States of America,Four decades of Antarctic Ice Sheet mass balance from 1979-2017.,https://doi.org/10.1073/pnas.1812883116
1932-6203,dataset-623,10.1371/journal.pone.0210426,PloS one,"Are values related to culture, identity, community cohesion and sense of place the values most vulnerable to climate change?",https://doi.org/10.1371/journal.pone.0210426
1476-4687,dataset-623,10.1038/s41586-018-0805-8,Nature,The global distribution and trajectory of tidal flats.,https://doi.org/10.1038/s41586-018-0805-8
1476-4687,dataset-623,10.1038/s41586-018-0787-6,Nature,Origin of spatial variation in US East Coast sea-level trends during 1900-2017.,https://doi.org/10.1038/s41586-018-0787-6
1365-2486,dataset-623,10.1111/gcb.14520,Global change biology,Climate change resilience of a globally important sea turtle nesting population.,https://doi.org/10.1111/gcb.14520
0167-5923,dataset-623,10.1007/s11113-018-9473-5,Population research and policy review,"Estimating Recent Local Impacts of Sea-Level Rise on Current Real-Estate Losses: A Housing Market Case Study in Miami-Dade, Florida.",https://doi.org/10.1007/s11113-018-9473-5
2150-8925,dataset-623,10.1002/ecs2.2329,"Ecosphere (Washington, D.C)",Discontinuities in soil strength contribute to destabilization of nutrient-enriched creeks.,https://doi.org/10.1002/ecs2.2329
1879-1514,dataset-623,,"Aquatic toxicology (Amsterdam, Netherlands)","Mesohaline conditions represent the threshold for oxidative stress, cell death and toxin release in the cyanobacterium Microcystis aeruginosa.",
1476-4687,dataset-623,10.1038/s41586-018-0687-9,Nature,Twentieth-century contribution to sea-level rise from uncharted glaciers.,https://doi.org/10.1038/s41586-018-0687-9
1879-1026,dataset-623,,The Science of the total environment,"Impacts of rising temperature, carbon dioxide concentration and sea level on wheat production in North Nile delta.",
1932-6203,dataset-623,10.1371/journal.pone.0207805,PloS one,"The impact of environmental change on Palaeolithic and Mesolithic plant use and the transition to agriculture at Franchthi Cave, Greece.",https://doi.org/10.1371/journal.pone.0207805
1476-4687,dataset-623,10.1038/s41586-018-0712-z,Nature,Change in future climate due to Antarctic meltwater.,https://doi.org/10.1038/s41586-018-0712-z
1932-6203,dataset-623,10.1371/journal.pone.0207270,PloS one,New perspectives in the study of the Earth's magnetic field and climate connection: The use of transfer entropy.,https://doi.org/10.1371/journal.pone.0207270
1365-2486,dataset-623,10.1111/gcb.14526,Global change biology,"Assessing climate change associated sea-level rise impacts on sea turtle nesting beaches using drones, photogrammetry and a novel GPS system.",https://doi.org/10.1111/gcb.14526
1476-4687,dataset-623,10.1038/s41586-018-0651-8,Nature,"{'sub': ['2', '2'], '#text': 'Quantification of ocean heat uptake from changes in atmospheric O and CO composition.'}",https://doi.org/10.1038/s41586-018-0651-8
1365-2486,dataset-623,10.1111/gcb.14429,Global change biology,Evaluating regional resiliency of coastal wetlands to sea level rise through hypsometry-based modeling.,https://doi.org/10.1111/gcb.14429
2167-8359,dataset-623,10.7717/peerj.5786,PeerJ,Impact of rising sea levels on Australian fur seals.,https://doi.org/10.7717/peerj.5786
1879-1026,dataset-623,,The Science of the total environment,The socioeconomic future of deltas in a changing environment.,
2041-1723,dataset-623,10.1038/s41467-018-06645-9,Nature communications,Mediterranean UNESCO World Heritage at risk from coastal flooding and erosion due to sea-level rise.,https://doi.org/10.1038/s41467-018-06645-9
2045-2322,dataset-623,10.1038/s41598-018-33182-8,Scientific reports,Carbon stocks and accumulation rates in Red Sea seagrass meadows.,https://doi.org/10.1038/s41598-018-33182-8
1879-1026,dataset-623,,The Science of the total environment,"Climate change in Malaysia: Trends, contributors, impacts, mitigation and adaptations.",
1476-4687,dataset-623,10.1038/s41586-018-0501-8,Nature,Ice loss from the East Antarctic Ice Sheet during late Pleistocene interglacials.,https://doi.org/10.1038/s41586-018-0501-8
1749-6632,dataset-623,10.1111/nyas.13917,Annals of the New York Academy of Sciences,Pathways to resilience: adapting to sea level rise in Los Angeles.,https://doi.org/10.1111/nyas.13917
1614-7499,dataset-623,10.1007/s11356-018-3035-6,Environmental science and pollution research international,Future intensification of summer hypoxia in the tidal Garonne River (SW France) simulated by a coupled hydro sedimentary-biogeochemical model.,https://doi.org/10.1007/s11356-018-3035-6
1476-4687,dataset-623,10.1038/s41586-018-0476-5,Nature,Future response of global coastal wetlands to sea-level rise.,https://doi.org/10.1038/s41586-018-0476-5
2045-2322,dataset-623,10.1038/s41598-018-31972-8,Scientific reports,Global sea level change signatures observed by GRACE satellite gravimetry.,https://doi.org/10.1038/s41598-018-31972-8
1932-6203,dataset-623,10.1371/journal.pone.0200368,PloS one,Evaluating the costs and benefits of marsh-management strategies while accounting for uncertain sea-level rise and ecosystem response.,https://doi.org/10.1371/journal.pone.0200368
1879-1026,dataset-623,,The Science of the total environment,Transient coastal landscapes: Rising sea level threatens salt marshes.,
2041-1723,dataset-623,10.1038/s41467-018-05003-z,Nature communications,The paradigm shift in Antarctic ice sheet modelling.,https://doi.org/10.1038/s41467-018-05003-z
2041-1723,dataset-623,10.1038/s41467-018-05002-0,Nature communications,Hydrology and the future of the Greenland Ice Sheet.,https://doi.org/10.1038/s41467-018-05002-0
1091-6490,dataset-623,10.1073/pnas.1801769115,Proceedings of the National Academy of Sciences of the United States of America,Linear response of east Greenland's tidewater glaciers to ocean/atmosphere warming.,https://doi.org/10.1073/pnas.1801769115
2041-1723,dataset-623,10.1038/s41467-018-05080-0,Nature communications,Predicting marsh vulnerability to sea-level rise using Holocene relative sea-level data.,https://doi.org/10.1038/s41467-018-05080-0
1996-1421,dataset-623,10.4102/jamba.v10i1.356,"Jamba (Potchefstroom, South Africa)",Community resilience to floods in the coastal zone for disaster risk reduction.,https://doi.org/10.4102/jamba.v10i1.356
1545-1534,dataset-623,,Wilderness & environmental medicine,Environmental and Ecological Effects of Climate Change on Venomous Marine and Amphibious Species in the Wilderness.,
1539-6924,dataset-623,10.1111/risa.13127,Risk analysis : an official publication of the Society for Risk Analysis,Pricing Storm Surge Risks in Florida: Implications for Determining Flood Insurance Premiums and Evaluating Mitigation Measures.,https://doi.org/10.1111/risa.13127
2167-8359,dataset-623,10.7717/peerj.4990,PeerJ,"{'i': 'Gallinula galeata sandvicensis', '#text': ""Predicted effects of landscape change, sea level rise, and habitat management on the extirpation risk of the Hawaiian common gallinule () on the island of O'ahu.""}",https://doi.org/10.7717/peerj.4990
0024-3590,dataset-623,10.1002/lno.10783,Limnology and oceanography,Avoiding timescale bias in assessments of coastal wetland vertical change.,https://doi.org/10.1002/lno.10783
1095-9203,dataset-623,10.1126/science.aao1447,"Science (New York, N.Y.)",Observed rapid bedrock uplift in Amundsen Sea Embayment promotes ice-sheet stability.,https://doi.org/10.1126/science.aao1447
1476-4687,dataset-623,10.1038/s41586-018-0194-z,Nature,Loss of coral reef growth capacity to track future increases in sea level.,https://doi.org/10.1038/s41586-018-0194-z
1476-4687,dataset-623,10.1038/s41586-018-0212-1,Nature,Antarctic ice shelf disintegration triggered by sea ice loss and ocean swell.,https://doi.org/10.1038/s41586-018-0212-1
2041-1723,dataset-623,10.1038/s41467-018-04568-z,Nature communications,The global flood protection savings provided by coral reefs.,https://doi.org/10.1038/s41467-018-04568-z
2167-8359,dataset-623,10.7717/peerj.4876,PeerJ,Top-down and bottom-up controls on southern New England salt marsh crab populations.,https://doi.org/10.7717/peerj.4876
0308-521X,dataset-623,10.1016/j.agsy.2016.11.003,Agricultural systems,Can Bangladesh produce enough cereals to meet future demand?,https://doi.org/10.1016/j.agsy.2016.11.003
1879-3363,dataset-623,,Marine pollution bulletin,Sequential webcam monitoring and modeling of marine debris abundance.,
1879-1026,dataset-623,,The Science of the total environment,"Simulating climate change and socio-economic change impacts on flows and water quality in the Mahanadi River system, India.",
1471-2962,dataset-623,,"Philosophical transactions. Series A, Mathematical, physical, and engineering sciences","A simplified method to estimate the run-off in Periglacial Creeks: a case study of King George Islands, Antarctic Peninsula.",
1096-0953,dataset-623,,Environmental research,"Habitat risk: Use of intertidal flats by foraging red knots (Calidris canutus rufa), ruddy turnstones, (Arenaria interpres), semipalmated sandpipers (Calidris pusilla), and sanderling (Calidris alba) on Delaware Bay beaches.",
2045-2322,dataset-623,10.1038/s41598-018-25410-y,Scientific reports,A Regional Scale Approach to Assessing Current and Potential Future Exposure to Tidal Inundation in Different Types of Estuaries.,https://doi.org/10.1038/s41598-018-25410-y
1932-6203,dataset-623,10.1371/journal.pone.0194537,PloS one,"Climate change impacts on marine biodiversity, fisheries and society in the Arabian Gulf.",https://doi.org/10.1371/journal.pone.0194537
1879-1026,dataset-623,,The Science of the total environment,"The relative contribution of peat compaction and oxidation to subsidence in built-up areas in the Rhine-Meuse delta, The Netherlands.",
2052-4463,dataset-623,10.1038/sdata.2018.44,Scientific data,A Mediterranean coastal database for assessing the impacts of sea-level rise and associated hazards.,https://doi.org/10.1038/sdata.2018.44
1469-185X,dataset-623,10.1111/brv.12410,Biological reviews of the Cambridge Philosophical Society,Salinity tolerances and use of saline environments by freshwater turtles: implications of sea level rise.,https://doi.org/10.1111/brv.12410
1879-3363,dataset-623,,Marine pollution bulletin,The contaminant legacy from historic coastal landfills and their potential as sources of diffuse pollution.,
2052-4463,dataset-623,10.1038/sdata.2018.34,Scientific data,Damage and protection cost curves for coastal floods within the 600 largest European cities.,https://doi.org/10.1038/sdata.2018.34
1879-1026,dataset-623,,The Science of the total environment,Carbon burial and storage in tropical salt marshes under the influence of sea level rise.,
1476-4687,dataset-623,10.1038/d41586-018-03036-4,Nature,Geoengineer polar glaciers to slow sea-level rise.,https://doi.org/10.1038/d41586-018-03036-4
2375-2548,dataset-623,10.1126/sciadv.aap9234,Science advances,Global climate change and local land subsidence exacerbate inundation risk to the San Francisco Bay Area.,https://doi.org/10.1126/sciadv.aap9234
1424-8220,dataset-623,,"Sensors (Basel, Switzerland)",Using Bi-Seasonal WorldView-2 Multi-Spectral Data and Supervised Random Forest Classification to Map Coastal Plant Communities in Everglades National Park.,
2375-2548,dataset-623,10.1126/sciadv.aao4350,Science advances,Coral reef structural complexity provides important coastal protection from waves under rising sea levels.,https://doi.org/10.1126/sciadv.aao4350
1879-1026,dataset-623,,The Science of the total environment,Worsened physical condition due to climate change contributes to the increasing hypoxia in Chesapeake Bay.,
2572-4525,dataset-623,10.1002/2017PA003240,Paleoceanography and paleoclimatology,Icebergs in the Nordic Seas Throughout the Late Pliocene.,https://doi.org/10.1002/2017PA003240
1091-6490,dataset-623,10.1073/pnas.1717312115,Proceedings of the National Academy of Sciences of the United States of America,Climate-change-driven accelerated sea-level rise detected in the altimeter era.,https://doi.org/10.1073/pnas.1717312115
1939-2192,dataset-623,10.1037/xap0000149,Journal of experimental psychology. Applied,It can become 5 °C warmer: The extremity effect in climate forecasts.,https://doi.org/10.1037/xap0000149
2041-1723,dataset-623,10.1038/s41467-018-02954-1,Nature communications,Patterns of island change and persistence offer alternate adaptation pathways for atoll nations.,https://doi.org/10.1038/s41467-018-02954-1
1095-8630,dataset-623,,Journal of environmental management,Effects of sea-level rise and freshwater management on long-term water levels and water quality in the Florida Coastal Everglades.,
1095-8630,dataset-623,,Journal of environmental management,Coral reefs for coastal protection: A new methodological approach and engineering case study in Grenada.,
2567-689X,dataset-623,10.1160/TH17-02-0138,Thrombosis and haemostasis,Thromboelastometry and Platelet Function during Acclimatization to High Altitude.,https://doi.org/10.1160/TH17-02-0138
0025-3324,dataset-623,10.4031/MTSJ.52.2.7,Marine Technology Society journal,"StormSense: A New Integrated Network of IoT Water Level Sensors in the Smart Cities of Hampton Roads, VA.",https://doi.org/10.4031/MTSJ.52.2.7
2198-6061,dataset-623,10.1007/s40641-018-0107-0,Current climate change reports,Rising Oceans Guaranteed: Arctic Land Ice Loss and Sea Level Rise.,https://doi.org/10.1007/s40641-018-0107-0
1573-2959,dataset-623,10.1007/s10661-017-6426-0,Environmental monitoring and assessment,Shoreline change and potential sea level rise impacts in a climate hazardous location in southeast coast of India.,https://doi.org/10.1007/s10661-017-6426-0
1879-1026,dataset-623,,The Science of the total environment,"High temporal resolution modeling of the impact of rain, tides, and sea level rise on water table flooding in the Arch Creek basin, Miami-Dade County Florida USA.",
0025-3227,dataset-623,10.1016/j.margeo.2017.09.007,Marine geology,ASSESSING CLIMATE CHANGE IMPACTS ON THE STABILITY OF SMALL TIDAL INLETS: Part 2- DATA RICH ENVIRONMENTS.,https://doi.org/10.1016/j.margeo.2017.09.007
1932-6203,dataset-623,10.1371/journal.pone.0188142,PloS one,Sea-level rise and archaeological site destruction: An example from the southeastern United States using DINAA (Digital Index of North American Archaeology).,https://doi.org/10.1371/journal.pone.0188142
2041-1723,dataset-623,10.1038/s41467-017-01597-y,Nature communications,Diverse landscapes beneath Pine Island Glacier influence ice flow.,https://doi.org/10.1038/s41467-017-01597-y
1095-9203,dataset-623,10.1126/science.aan3001,"Science (New York, N.Y.)",Cordilleran Ice Sheet mass loss preceded climate reversals near the Pleistocene Termination.,https://doi.org/10.1126/science.aan3001
1520-5118,dataset-623,10.1021/acs.jafc.7b04201,Journal of agricultural and food chemistry,A Comprehensive Approach to Assess Feathermeal as an Alternative Protein Source in Aquafeed.,https://doi.org/10.1021/acs.jafc.7b04201
2045-2322,dataset-623,10.1038/s41598-017-15309-5,Scientific reports,"Spaceborne Synthetic Aperture Radar Survey of Subsidence in Hampton Roads, Virginia (USA).",https://doi.org/10.1038/s41598-017-15309-5
1879-1026,dataset-623,,The Science of the total environment,Ground air: A first approximation of the Earth's second largest reservoir of carbon dioxide gas.,
1095-8630,dataset-623,,Journal of environmental management,Modeling the Economic Value of Blue Carbon in Delaware Estuary Wetlands: Historic Estimates and Future Projections.,
2041-1723,dataset-623,10.1038/s41467-017-00966-x,Nature communications,Coralgal reef morphology records punctuated sea-level rise during the last deglaciation.,https://doi.org/10.1038/s41467-017-00966-x
1573-2959,dataset-623,10.1007/s10661-017-6282-y,Environmental monitoring and assessment,An uncertainty-based framework to quantifying climate change impacts on coastal flood vulnerability: case study of New York City.,https://doi.org/10.1007/s10661-017-6282-y
2045-7758,dataset-623,10.1002/ece3.3291,Ecology and evolution,Sea level rise may increase extinction risk of a saltmarsh ontogenetic habitat specialist.,https://doi.org/10.1002/ece3.3291
2073-4425,dataset-623,,Genes,The History of Tree and Shrub Taxa on Bol'shoy Lyakhovsky Island (New Siberian Archipelago) since the Last Interglacial Uncovered by Sedimentary Ancient DNA and Pollen Data.,
1476-4687,dataset-623,10.1038/549334d,Nature,Sea-level rise: No chaos in the satellite-data record.,https://doi.org/10.1038/549334d
1932-6203,dataset-623,10.1371/journal.pone.0183431,PloS one,Assessing coastal wetland vulnerability to sea-level rise along the northern Gulf of Mexico coast: Gaps and opportunities for developing a coordinated regional sampling network.,https://doi.org/10.1371/journal.pone.0183431
1941-0611,dataset-623,10.1146/annurev-marine-121916-063414,Annual review of marine science,A Synoptic View of the Ventilation and Circulation of Antarctic Bottom Water from Chlorofluorocarbons and Natural Tracers.,https://doi.org/10.1146/annurev-marine-121916-063414
2045-2322,dataset-623,10.1038/s41598-017-11058-7,Scientific reports,"Rising tides, cumulative impacts and cascading changes to estuarine ecosystem functions.",https://doi.org/10.1038/s41598-017-11058-7
1551-3793,dataset-623,10.1002/ieam.1973,Integrated environmental assessment and management,"Estimating coastal wetland gain and losses in Galveston County and Cameron County, Texas, USA.",https://doi.org/10.1002/ieam.1973
1873-2720,dataset-623,,"Zoology (Jena, Germany)","Hematocrit of mammals (Artiodactyla, Carnivora, Primates) at 1500m and 2100m altitudes.",
1476-4687,dataset-623,10.1038/nature23680,Nature,Island biogeography of marine organisms.,https://doi.org/10.1038/nature23680
1939-2192,dataset-623,10.1037/xap0000137,Journal of experimental psychology. Applied,How much will the sea level rise? Outcome selection and subjective probability in climate change predictions.,https://doi.org/10.1037/xap0000137
2045-7758,dataset-623,10.1002/ece3.3092,Ecology and evolution,Lessons from the Tōhoku tsunami: A model for island avifauna conservation prioritization.,https://doi.org/10.1002/ece3.3092
1932-6203,dataset-623,10.1371/journal.pone.0183096,PloS one,Utilizing the R/V Marcus G. Langseth's streamer to measure the acoustic radiation of its seismic source in the shallow waters of New Jersey's continental shelf.,https://doi.org/10.1371/journal.pone.0183096
2375-2548,dataset-623,10.1126/sciadv.1700584,Science advances,Decreasing cloud cover drives the recent mass loss on the Greenland Ice Sheet.,https://doi.org/10.1126/sciadv.1700584
1573-2959,dataset-623,10.1007/s10661-017-6152-7,Environmental monitoring and assessment,"The use of cartographic modeling to assess the impacts of coastal flooding: a case study of Port Said Governorate, Egypt.",https://doi.org/10.1007/s10661-017-6152-7
1742-9994,dataset-623,10.1186/s12983-017-0222-0,Frontiers in zoology,Adaptive responses to salinity stress across multiple life stages in anuran amphibians.,https://doi.org/10.1186/s12983-017-0222-0
2045-2322,dataset-623,10.1038/s41598-017-05034-4,Scientific reports,Climate change impacts on the threatened terrestrial vertebrates of the Pacific Islands.,https://doi.org/10.1038/s41598-017-05034-4
2045-7758,dataset-623,10.1002/ece3.3064,Ecology and evolution,Local scale processes drive long-term change in biodiversity of sandy beach ecosystems.,https://doi.org/10.1002/ece3.3064
2052-4463,dataset-623,10.1038/sdata.2017.87,Scientific data,"A web platform for landuse, climate, demography, hydrology and beach erosion in the Black Sea catchment.",https://doi.org/10.1038/sdata.2017.87
1664-462X,dataset-623,10.3389/fpls.2017.01067,Frontiers in plant science,"{'i': 'Posidonia oceanica', '#text': 'Recruitment and Patch Establishment by Seed in the Seagrass : Importance and Conservation Implications.'}",https://doi.org/10.3389/fpls.2017.01067
1528-7394,dataset-623,10.1080/15287394.2017.1297275,Journal of toxicology and environmental health. Part A,"Responses of a vulnerable Hispanic population in New Jersey to Hurricane Sandy: Access to care, medical needs, concerns, and ecological ratings.",https://doi.org/10.1080/15287394.2017.1297275
1945-1938,dataset-623,10.1017/S1049023X17006586,Prehospital and disaster medicine,"An Assessment of Climate Change Impacts on Los Angeles (California USA) Hospitals, Wildfires Highest Priority.",https://doi.org/10.1017/S1049023X17006586
1091-6490,dataset-623,10.1073/pnas.1619358114,Proceedings of the National Academy of Sciences of the United States of America,Consequences of rapid ice sheet melting on the Sahelian population vulnerability.,https://doi.org/10.1073/pnas.1619358114
1091-6490,dataset-623,10.1073/pnas.1618245114,Proceedings of the National Academy of Sciences of the United States of America,Pyrite sulfur isotopes reveal glacial-interglacial environmental changes.,https://doi.org/10.1073/pnas.1618245114
1471-2970,dataset-623,,"Philosophical transactions of the Royal Society of London. Series B, Biological sciences",No phenotypic plasticity in nest-site selection in response to extreme flooding events.,
1520-5851,dataset-623,10.1021/acs.est.6b06152,Environmental science & technology,Sea Level Rise Induced Arsenic Release from Historically Contaminated Coastal Soils.,https://doi.org/10.1021/acs.est.6b06152
1559-2723,dataset-623,10.1007/s12237-016-0166-1,Estuaries and coasts : journal of the Estuarine Research Federation,Anthropocene survival of southern New England's salt marshes.,https://doi.org/10.1007/s12237-016-0166-1
1559-2723,dataset-623,10.1007/s12237-015-0059-8,Estuaries and coasts : journal of the Estuarine Research Federation,Contrasting decadal-scale changes in elevation and vegetation in two Long Island Sound salt marshes.,https://doi.org/10.1007/s12237-015-0059-8
2045-2322,dataset-623,10.1038/s41598-017-01329-8,Scientific reports,The paradox of a long grounding during West Antarctic Ice Sheet retreat in Ross Sea.,https://doi.org/10.1038/s41598-017-01329-8
1741-3850,dataset-623,10.1093/pubmed/fdx041,"Journal of public health (Oxford, England)",Association between salinity and hospital admission for hypertension: an ecological case-control study in the Mekong Delta Region in Vietnam.,https://doi.org/10.1093/pubmed/fdx041
0012-9658,dataset-623,10.1002/ecy.1861,Ecology,Regulation of salt marsh mosquito populations by the 18.6-yr lunar-nodal cycle.,https://doi.org/10.1002/ecy.1861
1424-8220,dataset-623,,"Sensors (Basel, Switzerland)",A Review of Wetland Remote Sensing.,
2041-1723,dataset-623,10.1038/ncomms14730,Nature communications,A tipping point in refreezing accelerates mass loss of Greenland's glaciers and ice caps.,https://doi.org/10.1038/ncomms14730
2045-2322,dataset-623,10.1038/srep44615,Scientific reports,Evidence for coseismic subsidence events in a southern California coastal saltmarsh.,https://doi.org/10.1038/srep44615
1051-0761,dataset-623,10.1002/eap.1534,Ecological applications : a publication of the Ecological Society of America,Top-down control of carbon sequestration: grazing affects microbial structure and function in salt marsh soils.,https://doi.org/10.1002/eap.1534
2041-1723,dataset-623,10.1038/ncomms14792,Nature communications,Vulnerability of Louisiana's coastal wetlands to present-day rates of relative sea-level rise.,https://doi.org/10.1038/ncomms14792
1095-8630,dataset-623,,Journal of environmental management,Life cycle GHG evaluation of organic rice production in northern Thailand.,
1932-6203,dataset-623,10.1371/journal.pone.0173670,PloS one,"Dynamics of marsh-mangrove ecotone since the mid-Holocene: A palynological study of mangrove encroachment and sea level rise in the Shark River Estuary, Florida.",https://doi.org/10.1371/journal.pone.0173670
1932-6203,dataset-623,10.1371/journal.pone.0170949,PloS one,Sea level rise drives increased tidal flooding frequency at tide gauges along the U.S. East and Gulf Coasts: Projections for 2030 and 2045.,https://doi.org/10.1371/journal.pone.0170949
2375-2548,dataset-623,10.1126/sciadv.1601426,Science advances,Accelerated freshening of Antarctic Bottom Water over the last decade in the Southern Indian Ocean.,https://doi.org/10.1126/sciadv.1601426
1879-0135,dataset-623,,International journal for parasitology,Anisakis simplex complex: ecological significance of recombinant genotypes in an allopatric area of the Adriatic Sea inferred by genome-derived simple sequence repeats.,
1476-4687,dataset-623,10.1038/nature20147,Nature,A persistent and dynamic East Greenland Ice Sheet over the past 7.5 million years.,https://doi.org/10.1038/nature20147
1932-6203,dataset-623,10.1371/journal.pone.0163495,PloS one,Modeling Coastal Vulnerability through Space and Time.,https://doi.org/10.1371/journal.pone.0163495
2375-2548,dataset-623,,Science advances,Geodetic measurements reveal similarities between post-Last Glacial Maximum and present-day mass loss from the Greenland ice sheet.,
1537-2197,dataset-623,10.3732/ajb.1600233,American journal of botany,Isolated coastal populations of Tilia americana var. caroliniana persist long-term through vegetative growth.,https://doi.org/10.3732/ajb.1600233
1932-6203,dataset-623,10.1371/journal.pone.0162637,PloS one,Assessment of Hammocks (Petenes) Resilience to Sea Level Rise Due to Climate Change in Mexico.,https://doi.org/10.1371/journal.pone.0162637
2041-1723,dataset-623,10.1038/ncomms12511,Nature communications,Mid-Holocene pulse of thinning in the Weddell Sea sector of the West Antarctic ice sheet.,https://doi.org/10.1038/ncomms12511
2375-2548,dataset-623,10.1126/sciadv.1600825,Science advances,Rising sea levels will reduce extreme temperature variations in tide-dominated reef habitats.,https://doi.org/10.1126/sciadv.1600825
2045-2322,dataset-623,10.1038/srep31245,Scientific reports,Is the detection of accelerated sea level rise imminent?,https://doi.org/10.1038/srep31245
1879-1026,dataset-623,,The Science of the total environment,Sea level rise impacts on rice production: The Ebro Delta as an example.,
1365-2486,dataset-623,10.1111/gcb.13430,Global change biology,"A meta-analysis of soil salinization effects on nitrogen pools, cycles and fluxes in coastal ecosystems.",https://doi.org/10.1111/gcb.13430
2035-3006,dataset-623,10.4084/MJHID.2016.036,Mediterranean journal of hematology and infectious diseases,Surveillance and Control of Antibiotic Resistance in the Mediterranean Region.,https://doi.org/10.4084/MJHID.2016.036
1879-1026,dataset-623,,The Science of the total environment,Assessment of the impact of sea-level rise due to climate change on coastal groundwater discharge.,
2045-2322,dataset-623,10.1038/srep28160,Scientific reports,"Time-varying land subsidence detected by radar altimetry: California, Taiwan and north China.",https://doi.org/10.1038/srep28160
1091-6490,dataset-623,10.1073/pnas.1600019113,Proceedings of the National Academy of Sciences of the United States of America,Millennial-scale sustainability of the Chesapeake Bay Native American oyster fishery.,https://doi.org/10.1073/pnas.1600019113
1476-4687,dataset-623,10.1038/nature17447,Nature,Repeated large-scale retreat and advance of Totten Glacier indicated by inland bed erosion.,https://doi.org/10.1038/nature17447
2045-7758,dataset-623,10.1002/ece3.2140,Ecology and evolution,Mangrove response to environmental change in Australia's Gulf of Carpentaria.,https://doi.org/10.1002/ece3.2140
1879-3363,dataset-623,,Marine pollution bulletin,Modeling oil weathering and transport in sea ice.,
1879-1026,dataset-623,,The Science of the total environment,Human impacts and changes in the coastal waters of south China.,
1873-6424,dataset-623,,"Environmental pollution (Barking, Essex : 1987)",The effect of drinking water salinity on blood pressure in young adults of coastal Bangladesh.,
2154-4700,dataset-623,10.1080/19338244.2016.1175413,Archives of environmental & occupational health,Drinking water salinity and risk of hypertension: A systematic review and meta-analysis.,https://doi.org/10.1080/19338244.2016.1175413
1523-1739,dataset-623,10.1111/cobi.12726,Conservation biology : the journal of the Society for Conservation Biology,Using global sensitivity analysis of demographic models for ecological impact assessment.,https://doi.org/10.1111/cobi.12726
1476-4687,dataset-623,10.1038/nature17145,Nature,Contribution of Antarctica to past and future sea-level rise.,https://doi.org/10.1038/nature17145
1083-8155,dataset-623,,Urban ecosystems,Ecological concerns following Superstorm Sandy: stressor level and recreational activity levels affect perceptions of ecosystem.,
1932-6203,dataset-623,10.1371/journal.pone.0150950,PloS one,Contrasting Effects of Historical Sea Level Rise and Contemporary Ocean Currents on Regional Gene Flow of Rhizophora racemosa in Eastern Atlantic Mangroves.,https://doi.org/10.1371/journal.pone.0150950
1879-1026,dataset-623,,The Science of the total environment,Will a rising sea sink some estuarine wetland ecosystems?,
1932-6203,dataset-623,10.1371/journal.pone.0148975,PloS one,Use of a Florida Gulf Coast Barrier Island by Spring Trans-Gulf Migrants and the Projected Effects of Sea Level Rise on Habitat Availability.,https://doi.org/10.1371/journal.pone.0148975
1091-6490,dataset-623,10.1073/pnas.1517056113,Proceedings of the National Academy of Sciences of the United States of America,Temperature-driven global sea-level variability in the Common Era.,https://doi.org/10.1073/pnas.1517056113
1932-6203,dataset-623,10.1371/journal.pone.0149565,PloS one,"Continental Island Formation and the Archaeology of Defaunation on Zanzibar, Eastern Africa.",https://doi.org/10.1371/journal.pone.0149565
1471-2164,dataset-623,10.1186/s12864-016-2445-4,BMC genomics,Isolation and genome sequencing of four Arctic marine Psychrobacter strains exhibiting multicopper oxidase activity.,https://doi.org/10.1186/s12864-016-2445-4
2041-1723,dataset-623,10.1038/ncomms10325,Nature communications,Evidence for the stability of the West Antarctic Ice Sheet divide for 1.4 million years.,https://doi.org/10.1038/ncomms10325
2041-1723,dataset-623,10.1038/ncomms10266,Nature communications,Clouds enhance Greenland ice sheet meltwater runoff.,https://doi.org/10.1038/ncomms10266
1862-4057,dataset-623,10.1007/s11625-016-0374-4,Sustainability science,"Co-evolution of wetland landscapes, flooding, and human settlement in the Mississippi River Delta Plain.",https://doi.org/10.1007/s11625-016-0374-4
1862-4057,dataset-623,10.1007/s11625-016-0372-6,Sustainability science,"Population dynamics, delta vulnerability and environmental change: comparison of the Mekong, Ganges-Brahmaputra and Amazon delta regions.",https://doi.org/10.1007/s11625-016-0372-6
1091-6490,dataset-623,10.1073/pnas.1510095112,Proceedings of the National Academy of Sciences of the United States of America,A linear relationship between wave power and erosion determines salt-marsh resilience to violent storms and hurricanes.,https://doi.org/10.1073/pnas.1510095112
1476-4687,dataset-623,10.1038/nature16183,Nature,Spatial and temporal distribution of mass loss from the Greenland Ice Sheet since AD 1900.,https://doi.org/10.1038/nature16183
1471-2962,dataset-623,,"Philosophical transactions. Series A, Mathematical, physical, and engineering sciences",Antarctic Cenozoic climate history from sedimentary records: ANDRILL and beyond.,
2045-7758,dataset-623,10.1002/ece3.1669,Ecology and evolution,The conservation value of elevation data accuracy and model sophistication in reserve design under sea-level rise.,https://doi.org/10.1002/ece3.1669
1876-7478,dataset-623,,Marine genomics,Evaluation of potential candidate genes involved in salinity tolerance in striped catfish (Pangasianodon hypophthalmus) using an RNA-Seq approach.,
1440-1665,dataset-623,10.1177/1039856215609767,Australasian psychiatry : bulletin of Royal Australian and New Zealand College of Psychiatrists,Mental health issues from rising sea level in a remote coastal region of the Solomon Islands: current and future.,https://doi.org/10.1177/1039856215609767
1476-4687,dataset-623,10.1038/nature16147,Nature,Potential sea-level rise from Antarctic ice-sheet instability constrained by observations.,https://doi.org/10.1038/nature16147
1573-2959,dataset-623,10.1007/s10661-015-4959-7,Environmental monitoring and assessment,Assessment of the climate change impacts on fecal coliform contamination in a tidal estuarine system.,https://doi.org/10.1007/s10661-015-4959-7
2045-2322,dataset-623,10.1038/srep16085,Scientific reports,Coastal sea level projections with improved accounting for vertical land motion.,https://doi.org/10.1038/srep16085
1089-7682,dataset-623,10.1063/1.4931801,"Chaos (Woodbury, N.Y.)",Nonlinear forecasting of intertidal shoreface evolution.,https://doi.org/10.1063/1.4931801
1879-1123,dataset-623,10.1007/s13361-015-1285-9,Journal of the American Society for Mass Spectrometry,Condensed Phase Membrane Introduction Mass  Spectrometry with Direct Electron Ionization: On-line  Measurement of PAHs in Complex Aqueous Samples.,https://doi.org/10.1007/s13361-015-1285-9
1476-4687,dataset-623,10.1038/nature15706,Nature,The multi-millennial Antarctic commitment to future sea-level rise.,https://doi.org/10.1038/nature15706
1476-4687,dataset-623,10.1038/nature15538,Nature,The vulnerability of Indo-Pacific mangrove forests to sea-level rise.,https://doi.org/10.1038/nature15538
1091-6490,dataset-623,10.1073/pnas.1511186112,Proceedings of the National Academy of Sciences of the United States of America,Carbon choices determine US cities committed to futures below sea level.,https://doi.org/10.1073/pnas.1511186112
2041-1723,dataset-623,10.1038/ncomms9566,Nature communications,Calving rates at tidewater glaciers vary strongly with ocean temperature.,https://doi.org/10.1038/ncomms9566
2045-2322,dataset-623,10.1038/srep14745,Scientific reports,Linking rapid erosion of the Mekong River delta to human activities.,https://doi.org/10.1038/srep14745
1091-6490,dataset-623,10.1073/pnas.1513127112,Proceedings of the National Academy of Sciences of the United States of America,Increased threat of tropical cyclones and coastal flooding to New York City during the anthropogenic era.,https://doi.org/10.1073/pnas.1513127112
1573-2959,dataset-623,10.1007/s10661-015-4868-9,Environmental monitoring and assessment,"Investigation of potential sea level rise impact on the Nile Delta, Egypt using digital elevation models.",https://doi.org/10.1007/s10661-015-4868-9
1879-1514,dataset-623,,"Aquatic toxicology (Amsterdam, Netherlands)",Xenobiotic-contaminated diets affect hepatic lipid metabolism: Implications for liver steatosis in Sparus aurata juveniles.,
1879-1026,dataset-623,,The Science of the total environment,Flood risk and adaptation strategies under climate change and urban expansion: A probabilistic analysis using global data.,
1551-3793,dataset-623,10.1002/ieam.1705,Integrated environmental assessment and management,"Population vulnerability to storm surge flooding in coastal Virginia, USA.",https://doi.org/10.1002/ieam.1705
2050-7895,dataset-623,10.1039/c5em00252d,Environmental science. Processes & impacts,A first look at the influence of anthropogenic climate change on the future delivery of fluvial sediment to the Ganges-Brahmaputra-Meghna delta.,https://doi.org/10.1039/c5em00252d
1095-9203,dataset-623,10.1126/science.aab3574,"Science (New York, N.Y.)",ENVIRONMENTAL SCIENCE. Profiling risk and sustainability in coastal deltas of the world.,https://doi.org/10.1126/science.aab3574
1932-6203,dataset-623,10.1371/journal.pone.0133044,PloS one,Landscape Analysis of Adult Florida Panther Habitat.,https://doi.org/10.1371/journal.pone.0133044
1873-6009,dataset-623,,Journal of contaminant hydrology,"Mobilization of arsenic, lead, and mercury under conditions of sea water intrusion and road deicing salt application.",
1932-6203,dataset-623,10.1371/journal.pone.0132079,PloS one,Modeled Sea Level Rise Impacts on Coastal Ecosystems at Six Major Estuaries on Florida's Gulf Coast: Implications for Adaptation Planning.,https://doi.org/10.1371/journal.pone.0132079
1476-4687,dataset-623,10.1038/nature14499,Nature,Bipolar seesaw control on last interglacial sea level.,https://doi.org/10.1038/nature14499
2045-7758,dataset-623,10.1002/ece3.1496,Ecology and evolution,Behavioral responses of Atlantic cod to sea temperature changes.,https://doi.org/10.1002/ece3.1496
1932-6203,dataset-623,10.1371/journal.pone.0126235,PloS one,Widespread albedo decreasing and induced melting of Himalayan snow and ice in the early 21st century.,https://doi.org/10.1371/journal.pone.0126235
2190-4286,dataset-623,10.3762/bjnano.6.78,Beilstein journal of nanotechnology,Statistics of work and orthogonality catastrophe in discrete level systems: an application to fullerene molecules and ultra-cold trapped Fermi gases.,https://doi.org/10.3762/bjnano.6.78
1180-4009,dataset-623,,Environmetrics,Multivariate spatio-temporal modelling for assessing Antarctica's present-day contribution to sea-level rise.,
1543-5865,dataset-623,,"Journal of emergency management (Weston, Mass.)","Evacuation planning for plausible worst case inundation scenarios in Honolulu, Hawaii.",
2050-7895,dataset-623,10.1039/c5em00095e,Environmental science. Processes & impacts,Simulating yield response of rice to salinity stress with the AquaCrop model.,https://doi.org/10.1039/c5em00095e
0094-8276,dataset-623,,Geophysical research letters,Changes in global net radiative imbalance 1985-2012.,
1361-6633,dataset-623,10.1088/0034-4885/78/4/046801,Reports on progress in physics. Physical Society (Great Britain),Greenland ice sheet mass balance: a review.,https://doi.org/10.1088/0034-4885/78/4/046801
1879-3363,dataset-623,,Marine pollution bulletin,'Tipping points' for sea level rise related flooding established.,
2050-7895,dataset-623,10.1039/c4em00682h,Environmental science. Processes & impacts,Projections of on-farm salinity in coastal Bangladesh.,https://doi.org/10.1039/c4em00682h
1932-6203,dataset-623,10.1371/journal.pone.0119128,PloS one,Saltmarsh boundary modulates dispersal of mangrove propagules: implications for mangrove migration with sea-level rise.,https://doi.org/10.1371/journal.pone.0119128
1932-6203,dataset-623,10.1371/journal.pone.0118571,PloS one,Future coastal population growth and exposure to sea-level rise and coastal flooding--a global assessment.,https://doi.org/10.1371/journal.pone.0118571
1083-351X,dataset-623,10.1074/jbc.M114.615211,The Journal of biological chemistry,A pore-forming toxin requires a specific residue for its activity in membranes with particular physicochemical properties.,https://doi.org/10.1074/jbc.M114.615211
1476-4687,dataset-623,10.1038/nature14093,Nature,Probabilistic reanalysis of twentieth-century  sea-level rise.,https://doi.org/10.1038/nature14093
2041-1723,dataset-623,10.1038/ncomms6916,Nature communications,Southern Hemisphere control on Australian monsoon variability during the late deglaciation and Holocene.,https://doi.org/10.1038/ncomms6916
1745-6584,dataset-623,10.1111/gwat.12306,Ground water,Long-term groundwater depletion in the United States.,https://doi.org/10.1111/gwat.12306
1180-4009,dataset-623,,Environmetrics,Resolving the Antarctic contribution to sea-level rise: a hierarchical modelling framework.,
1091-6490,dataset-623,10.1073/pnas.1416747111,Proceedings of the National Academy of Sciences of the United States of America,A complete Holocene record of trematode-bivalve infection and implications for the response of parasitism to climate change.,https://doi.org/10.1073/pnas.1416747111
1537-744X,dataset-623,10.1155/2014/626421,TheScientificWorldJournal,East China Sea Storm Surge Modeling and Visualization System: the Typhoon Soulik case.,https://doi.org/10.1155/2014/626421
1432-1009,dataset-623,10.1007/s00267-014-0397-5,Environmental management,Using scenario planning to evaluate the impacts of climate change on wildlife populations and communities in the Florida Everglades.,https://doi.org/10.1007/s00267-014-0397-5
1932-6203,dataset-623,10.1371/journal.pone.0108715,PloS one,Salinity in drinking water and the risk of (pre)eclampsia and gestational hypertension in coastal Bangladesh: a case-control study.,https://doi.org/10.1371/journal.pone.0108715
2041-1723,dataset-623,10.1038/ncomms6107,Nature communications,Antarctic contribution to meltwater pulse 1A from reduced Southern Ocean overturning.,https://doi.org/10.1038/ncomms6107
1941-0611,dataset-623,10.1146/annurev-marine-010213-135032,Annual review of marine science,"Construction and maintenance of the Ganges-Brahmaputra-Meghna delta: linking process, morphology, and stratigraphy.",https://doi.org/10.1146/annurev-marine-010213-135032
1932-6203,dataset-623,10.1371/journal.pone.0108727,PloS one,Incorporating DEM uncertainty in coastal inundation mapping.,https://doi.org/10.1371/journal.pone.0108727
1364-503X,dataset-623,,"Philosophical transactions. Series A, Mathematical, physical, and engineering sciences",Sea level: measuring the bounding surfaces of the ocean.,
1537-744X,dataset-623,10.1155/2014/943697,TheScientificWorldJournal,Differential responses of net ecosystem exchange of carbon dioxide to light and temperature between spring and neap tides in subtropical mangrove forests.,https://doi.org/10.1155/2014/943697
1528-7394,dataset-623,10.1080/15287394.2014.914004,Journal of toxicology and environmental health. Part A,Effects on five species of shorebirds of experimental closure of a beach in New Jersey: implications for severe storms and sea-level rise.,https://doi.org/10.1080/15287394.2014.914004
1051-0761,dataset-623,,Ecological applications : a publication of the Ecological Society of America,Below the disappearing marshes of an urban estuary: historic nitrogen trends and soil structure.,
1476-4687,dataset-623,10.1038/nature13456,Nature,South Greenland ice-sheet collapse during Marine Isotope Stage 11.,https://doi.org/10.1038/nature13456
1471-2458,dataset-623,10.1186/1471-2458-14-584,BMC public health,How much salt do adults consume in climate vulnerable coastal Bangladesh?,https://doi.org/10.1186/1471-2458-14-584
1365-2486,dataset-623,10.1111/gcb.12598,Global change biology,Incorporating spatial autocorrelation into species distribution models alters forecasts of climate-mediated range shifts.,https://doi.org/10.1111/gcb.12598
2041-1723,dataset-623,10.1038/ncomms4635,Nature communications,Timescales for detecting a significant acceleration in sea level rise.,https://doi.org/10.1038/ncomms4635
0048-7554,dataset-623,,Reviews on environmental health,Climate change and managing water crisis: Pakistan's perspective.,
1091-6490,dataset-623,10.1073/pnas.1222469111,Proceedings of the National Academy of Sciences of the United States of America,Coastal flood damage and adaptation costs under 21st century sea-level rise.,https://doi.org/10.1073/pnas.1222469111
1879-1026,dataset-623,,The Science of the total environment,"Maintaining a way of life for São Miguel Island (the Azores archipelago, Portugal): an assessment of coastal processes and protection.",
1932-6203,dataset-623,10.1371/journal.pone.0088760,PloS one,"Modeling tidal marsh distribution with sea-level rise: evaluating the role of vegetation, sediment, and upland habitat in marsh resiliency.",https://doi.org/10.1371/journal.pone.0088760
1557-900X,dataset-623,10.1089/end.2013.0680,Journal of endourology,Monthly variations in urolithiasis presentations and their association with meteorologic factors in New York City.,https://doi.org/10.1089/end.2013.0680
1095-9513,dataset-623,,Molecular phylogenetics and evolution,"Biogeography in deep time - What do phylogenetics, geology, and paleoclimate tell us about early platyrrhine evolution?",
1932-6203,dataset-623,10.1371/journal.pone.0079420,PloS one,Tyrant dinosaur evolution tracks the rise and fall of Late Cretaceous oceans.,https://doi.org/10.1371/journal.pone.0079420
1520-5851,dataset-623,10.1021/es402950q,Environmental science & technology,Spatial distributions and deposition chronology of short chain chlorinated paraffins in marine sediments across the Chinese Bohai and Yellow Seas.,https://doi.org/10.1021/es402950q
1095-8649,dataset-623,10.1111/jfb.12203,Journal of fish biology,"The ecology, behaviour and physiology of fishes on coral reef flats, and the potential impacts of climate change.",https://doi.org/10.1111/jfb.12203
1319-562X,dataset-623,10.1016/j.sjbs.2012.02.001,Saudi journal of biological sciences,"Integrating spatial data and shorebird nesting locations to predict the potential future impact of global warming on coastal habitats: A case study on Farasan Islands, Saudi Arabia.",https://doi.org/10.1016/j.sjbs.2012.02.001
1091-6490,dataset-623,10.1073/pnas.1222843110,Proceedings of the National Academy of Sciences of the United States of America,Time-dependent climate sensitivity and the legacy of anthropogenic greenhouse gas emissions.,https://doi.org/10.1073/pnas.1222843110
1349-2896,dataset-623,,"Proceedings of the Japan Academy. Series B, Physical and biological sciences",Sea-level rise caused by climate change and its implications for society.,
2041-1723,dataset-623,10.1038/ncomms3146,Nature communications,Flow velocities of Alaskan glaciers.,https://doi.org/10.1038/ncomms3146
1476-4687,dataset-623,10.1038/nature12269,Nature,Allowable carbon emissions lowered by multiple climate targets.,https://doi.org/10.1038/nature12269
2045-2322,dataset-623,10.1038/srep01926,Scientific reports,Man made deltas.,https://doi.org/10.1038/srep01926
1432-1009,dataset-623,10.1007/s00267-013-0074-0,Environmental management,"A simple model that identifies potential effects of sea-level rise on estuarine and estuary-ecotone habitat locations for salmonids in Oregon, USA.",https://doi.org/10.1007/s00267-013-0074-0
1476-4687,dataset-623,10.1038/nature12068,Nature,Future sea-level rise from Greenland's main outlet glaciers in a warming climate.,https://doi.org/10.1038/nature12068
2233-4521,dataset-623,10.3961/jpmph.2013.46.2.105,Journal of preventive medicine and public health = Yebang Uihakhoe chi,Trends in reports on climate change in 2009-2011 in the Korean press based on daily newspapers' ownership structure.,https://doi.org/10.3961/jpmph.2013.46.2.105
1354-1013,dataset-623,10.1111/gcb.12218,Global change biology,Coastal retreat and improved water quality mitigate losses of seagrass from sea level rise.,https://doi.org/10.1111/gcb.12218
1476-4687,dataset-623,10.1038/nature12002,Nature,July 2012 Greenland melt extent enhanced by low-level liquid clouds.,https://doi.org/10.1038/nature12002
1678-2690,dataset-623,,Anais da Academia Brasileira de Ciencias,Late Quaternary landscape evolution of northeastern Amazonia from pollen and diatom records.,
1354-1013,dataset-623,10.1111/gcb.12064,Global change biology,Does more mean less? The value of information for conservation planning under sea level rise.,https://doi.org/10.1111/gcb.12064
1879-3363,dataset-623,,Marine pollution bulletin,"The role of highly sratified nutrient-rich small estuaries as a source of dissolved inorganic nitrogen to coastal seawater, the Qishon (SE Mediterranean) case.",
1932-6203,dataset-623,10.1371/journal.pone.0056932,PloS one,Harbour porpoises Phocoena phocoena in the eastern Scheldt: a resident stock or trapped by a storm surge barrier?,https://doi.org/10.1371/journal.pone.0056932
1932-6203,dataset-623,10.1371/journal.pone.0056255,PloS one,The impact of global warming and anoxia on marine benthic community dynamics: an example from the Toarcian (Early Jurassic).,https://doi.org/10.1371/journal.pone.0056255
1091-6490,dataset-623,10.1073/pnas.1218327110,Proceedings of the National Academy of Sciences of the United States of America,Vegetation engineers marsh morphology through multiple competing stable states.,https://doi.org/10.1073/pnas.1218327110
1932-6203,dataset-623,10.1371/journal.pone.0054326,PloS one,Sediment bacterial communities reflect the history of a sea basin.,https://doi.org/10.1371/journal.pone.0054326
1095-9203,dataset-623,10.1126/science.1228102,"Science (New York, N.Y.)",A reconciled estimate of ice-sheet mass balance.,https://doi.org/10.1126/science.1228102
0022-3646,dataset-623,10.1111/j.1529-8817.2012.01228.x,Journal of phycology,Patterns of Distribution and Environmental Correlates of Macroalgal Assemblages and Sediment Chlorophyll A in Oregon Tidal Wetlands.,https://doi.org/10.1111/j.1529-8817.2012.01228.x
1091-6490,dataset-623,10.1073/pnas.1206785109,Proceedings of the National Academy of Sciences of the United States of America,Mapping Greenland's mass loss in space and time.,https://doi.org/10.1073/pnas.1206785109
1460-2431,dataset-623,10.1093/jxb/ers321,Journal of experimental botany,Phenological response of grassland species to manipulative snowmelt and drought along an altitudinal gradient.,https://doi.org/10.1093/jxb/ers321
1476-4687,dataset-623,10.1038/nature11593,Nature,"Rapid coupling between ice volume and polar temperature over the past 150,000 years.",https://doi.org/10.1038/nature11593
1476-4687,dataset-623,10.1038/nature11566,Nature,Greenland ice-sheet contribution to sea-level rise buffered by meltwater storage in firn.,https://doi.org/10.1038/nature11566
1932-6203,dataset-623,10.1371/journal.pone.0047935,PloS one,Predictors of business return in New Orleans after Hurricane Katrina.,https://doi.org/10.1371/journal.pone.0047935
1932-6203,dataset-623,10.1371/journal.pone.0048191,PloS one,Uncertainties in measuring populations potentially impacted by sea level rise and coastal flooding.,https://doi.org/10.1371/journal.pone.0048191
1476-4687,dataset-623,10.1038/nature11440,Nature,Response of salt-marsh carbon accumulation to climate change.,https://doi.org/10.1038/nature11440
1879-1026,dataset-623,,The Science of the total environment,"Influence of fresh water, nutrients and DOC in two submarine-groundwater-fed estuaries on the west of Ireland.",
1091-6490,dataset-623,10.1073/pnas.1205385109,Proceedings of the National Academy of Sciences of the United States of America,Dynamics of the last glacial maximum Antarctic ice-sheet and its response to ocean forcing.,https://doi.org/10.1073/pnas.1205385109
2041-9139,dataset-623,10.1186/2041-9139-3-19,EvoDevo,Sequencing and analysis of the gastrula transcriptome of the brittle star Ophiocoma wendtii.,https://doi.org/10.1186/2041-9139-3-19
1476-4687,dataset-623,10.1038/nature11324,Nature,Contrasting patterns of early twenty-first-century glacier mass change in the Himalayas.,https://doi.org/10.1038/nature11324
1095-8630,dataset-623,,Journal of environmental management,Household perceptions of coastal hazards and climate change in the Central Philippines.,
1095-9203,dataset-623,10.1126/science.1219985,"Science (New York, N.Y.)",21st-century evolution of Greenland outlet glacier velocities.,https://doi.org/10.1126/science.1219985
1091-6490,dataset-623,10.1073/pnas.1117683109,Proceedings of the National Academy of Sciences of the United States of America,Estimating the sources of global sea level rise with data assimilation techniques.,https://doi.org/10.1073/pnas.1117683109
1879-0291,dataset-623,10.1016/j.marenvres.2012.02.004,Marine environmental research,Organic matter content and particle size modifications in mangrove sediments as responses to sea level rise.,https://doi.org/10.1016/j.marenvres.2012.02.004
1466-5034,dataset-623,10.1099/ijs.0.039594-0,International journal of systematic and evolutionary microbiology,"Parvibaculum hydrocarboniclasticum sp. nov., a mesophilic, alkane-oxidizing alphaproteobacterium isolated from a deep-sea hydrothermal vent on the East Pacific Rise.",https://doi.org/10.1099/ijs.0.039594-0
1879-1026,dataset-623,10.1016/j.scitotenv.2011.09.088,The Science of the total environment,Nutrients in estuaries--an overview and the potential impacts of climate change.,https://doi.org/10.1016/j.scitotenv.2011.09.088
1932-6203,dataset-623,10.1371/journal.pone.0027388,PloS one,Evaluating tidal marsh sustainability in the face of sea-level rise: a hybrid modeling approach applied to San Francisco Bay.,https://doi.org/10.1371/journal.pone.0027388
1539-6924,dataset-623,10.1111/j.1539-6924.2011.01710.x,Risk analysis : an official publication of the Society for Risk Analysis,"Prediction and impact of sea level rise on properties and infrastructure of Washington, DC.",https://doi.org/10.1111/j.1539-6924.2011.01710.x
1476-4687,dataset-623,10.1038/nature10499,Nature,A carbon isotope challenge to the snowball Earth.,https://doi.org/10.1038/nature10499
1879-1026,dataset-623,10.1016/j.scitotenv.2011.08.049,The Science of the total environment,Air pollution episodes associated with East Asian winter monsoons.,https://doi.org/10.1016/j.scitotenv.2011.08.049
1520-5851,dataset-623,10.1021/es200909g,Environmental science & technology,"Risk of inundation to coastal wetlands and soil organic carbon and organic nitrogen accounting in Louisiana, USA.",https://doi.org/10.1021/es200909g
1091-6490,dataset-623,10.1073/pnas.1102842108,Proceedings of the National Academy of Sciences of the United States of America,"Comparing the role of absolute sea-level rise and vertical tectonic motions in coastal flooding, Torres Islands (Vanuatu).",https://doi.org/10.1073/pnas.1102842108
1095-564X,dataset-623,10.1016/j.ydbio.2011.06.016,Developmental biology,Precise cis-regulatory control of spatial and temporal expression of the alx-1 gene in the skeletogenic lineage of s. purpuratus.,https://doi.org/10.1016/j.ydbio.2011.06.016
1932-6203,dataset-623,10.1371/journal.pone.0019795,PloS one,"Highly diverse, poorly studied and uniquely threatened by climate change: an assessment of marine biodiversity on South Georgia's continental shelf.",https://doi.org/10.1371/journal.pone.0019795
1756-3305,dataset-623,10.1186/1756-3305-4-84,Parasites & vectors,Multi-source analysis reveals latitudinal and altitudinal shifts in range of Ixodes ricinus at its northern distribution limit.,https://doi.org/10.1186/1756-3305-4-84
1552-9924,dataset-623,,Environmental health perspectives,Drinking Water Salinity and Maternal Health in Coastal Bangladesh: Implications of Climate Change.,
1439-6327,dataset-623,10.1007/s00421-011-1881-8,European journal of applied physiology,Effects of altitude exposure on brain natriuretic peptide in humans.,https://doi.org/10.1007/s00421-011-1881-8
1573-2959,dataset-623,10.1007/s10661-011-1929-6,Environmental monitoring and assessment,Detection and object-based classification of offshore oil slicks using ENVISAT-ASAR images.,https://doi.org/10.1007/s10661-011-1929-6
1471-2164,dataset-623,10.1186/1471-2164-11-634,BMC genomics,Insights into metazoan evolution from Alvinella pompejana cDNAs.,https://doi.org/10.1186/1471-2164-11-634
1879-0291,dataset-623,10.1016/j.marenvres.2010.10.003,Marine environmental research,Interannual variation of rare earth element abundances in corals from northern coast of the South China Sea and its relation with sea-level change and human activities.,https://doi.org/10.1016/j.marenvres.2010.10.003
1091-6490,dataset-623,10.1073/pnas.1003292107,Proceedings of the National Academy of Sciences of the United States of America,Satellite-based global-ocean mass balance estimates of interannual variability and emerging trends in continental freshwater discharge.,https://doi.org/10.1073/pnas.1003292107
1095-9513,dataset-623,10.1016/j.ympev.2010.08.005,Molecular phylogenetics and evolution,"Elucidating the evolutionary history of the Southeast Asian, holoparasitic, giant-flowered Rafflesiaceae: pliocene vicariance, morphological convergence and character displacement.",https://doi.org/10.1016/j.ympev.2010.08.005
1095-8630,dataset-623,10.1016/j.jenvman.2010.07.013,Journal of environmental management,Using expert opinion to prioritize impacts of climate change on sea turtles' nesting grounds.,https://doi.org/10.1016/j.jenvman.2010.07.013
1051-0761,dataset-623,,Ecological applications : a publication of the Ecological Society of America,Using expert judgment to estimate marine ecosystem vulnerability in the California Current.,
1476-4687,dataset-623,10.1038/nature09043,Nature,Robust warming of the global upper ocean.,https://doi.org/10.1038/nature09043
1468-2044,dataset-623,10.1136/adc.2009.175307,Archives of disease in childhood,"Climate change, water resources and child health.",https://doi.org/10.1136/adc.2009.175307
1938-744X,dataset-623,,Disaster medicine and public health preparedness,Sea-level-rise disaster in Micronesia: sentinel event for climate change?,
1615-9861,dataset-623,10.1002/pmic.200900394,Proteomics,Response of Alvinella pompejana to variable oxygen stress: a proteomic approach.,https://doi.org/10.1002/pmic.200900394
0177-5103,dataset-623,10.3354/dao02099,Diseases of aquatic organisms,Effects of a changing climate on the dynamics of coral infectious disease: a review of the evidence.,https://doi.org/10.3354/dao02099
1476-4687,dataset-623,10.1038/nature08686,Nature,Probabilistic assessment of sea level during the last interglacial stage.,https://doi.org/10.1038/nature08686
1476-4687,dataset-623,10.1038/nature08555,Nature,Catastrophic flood of the Mediterranean after the Messinian salinity crisis.,https://doi.org/10.1038/nature08555
1091-6490,dataset-623,10.1073/pnas.0907765106,Proceedings of the National Academy of Sciences of the United States of America,Global sea level linked to global temperature.,https://doi.org/10.1073/pnas.0907765106
1557-8682,dataset-623,10.1089/ham.2008.1086,High altitude medicine & biology,Blood rheology adjustments in rats after a program of intermittent exposure to hypobaric hypoxia.,https://doi.org/10.1089/ham.2008.1086
1365-294X,dataset-623,10.1111/j.1365-294X.2009.04280.x,Molecular ecology,Range persistence during the last glacial maximum: Carex macrocephala was not restricted to glacial refugia.,https://doi.org/10.1111/j.1365-294X.2009.04280.x
1471-2164,dataset-623,10.1186/1471-2164-10-258,BMC genomics,Generation and analysis of transcriptomic resources for a model system on the rise: the sea anemone Aiptasia pallida and its dinoflagellate endosymbiont.,https://doi.org/10.1186/1471-2164-10-258
1462-2920,dataset-623,10.1111/j.1462-2920.2008.01836.x,Environmental microbiology,Methanogenic community composition and anaerobic carbon turnover in submarine permafrost sediments of the Siberian Laptev Sea.,https://doi.org/10.1111/j.1462-2920.2008.01836.x
1051-0761,dataset-623,,Ecological applications : a publication of the Ecological Society of America,Endogenous and exogenous factors controlling temporal abundance patterns of tropical mosquitoes.,
1573-2959,dataset-623,10.1007/s10661-008-0495-z,Environmental monitoring and assessment,National assessment of sea level rise using topographic and census data for Turkish coastal zone.,https://doi.org/10.1007/s10661-008-0495-z
1523-1739,dataset-623,10.1111/j.1523-1739.2008.00955.x,Conservation biology : the journal of the Society for Conservation Biology,Integrated monitoring and information systems for managing aquatic invasive species in a changing climate.,https://doi.org/10.1111/j.1523-1739.2008.00955.x
1476-4687,dataset-623,10.1038/nature07080,Nature,Improved estimates of upper-ocean warming and multi-decadal sea-level rise.,https://doi.org/10.1038/nature07080
0020-7128,dataset-623,10.1007/s00484-008-0159-2,International journal of biometeorology,Climate change and its impact on birch pollen quantities and the start of the pollen season an example from Switzerland for the period 1969-2006.,https://doi.org/10.1007/s00484-008-0159-2
1050-4648,dataset-623,10.1016/j.fsi.2007.11.020,Fish & shellfish immunology,"Molecular characterization, recombinant expression and bioactivity analysis of the interleukin-1 beta from the yellowfin sea bream, Acanthopagrus latus (Houttuyn).",https://doi.org/10.1016/j.fsi.2007.11.020
1091-6490,dataset-623,,Proceedings of the National Academy of Sciences of the United States of America,Observational evidence for volcanic impact on sea level and the global water cycle.,
1750-3841,dataset-623,,Journal of food science,Residues of polychlorinated biphenyls in edible fish of the Adriatic Sea: assessment of human exposure.,
1421-9980,dataset-623,,Folia primatologica; international journal of primatology,Climatic influences on the evolution of early Homo?,
0006-2928,dataset-623,,Biochemical genetics,Lack of genetic differentiation in the shrimp Penaeus chinensis in the Northwestern Pacific.,
0014-3820,dataset-623,,Evolution; international journal of organic evolution,Diversity and trans-arctic invasion history of mitochondrial lineages in the North Atlantic Macoma balthica complex (Bivalvia: Tellinidae).,
0029-8549,dataset-623,,Oecologia,Seasonal plant water uptake patterns in the saline southeast Everglades ecotone.,
1095-9203,dataset-623,,"Science (New York, N.Y.)",Recent sea-level contributions of the Antarctic and Greenland ice sheets.,
1095-9203,dataset-623,,"Science (New York, N.Y.)",Rapid changes in ice discharge from Greenland outlet glaciers.,
0044-7447,dataset-623,,Ambio,The economic impact of sea-level rise on nonmarket lands in Singapore.,
0962-1083,dataset-623,,Molecular ecology,"Pleistocene isolation in the Northwestern Pacific marginal seas and limited dispersal in a marine fish, Chelon haematocheilus (Temminck & Schlegel, 1845).",
1353-3452,dataset-623,,Science and engineering ethics,Climate change: do we know enough for policy action?,
0167-6369,dataset-623,,Environmental monitoring and assessment,Assessment of mangrove response to projected relative sea-level rise and recent historical reconstruction of shoreline position.,
0954-6111,dataset-623,,Respiratory medicine,Change in plasma vascular endothelial growth factor during onset and recovery from acute mountain sickness.,
1364-503X,dataset-623,,"Philosophical transactions. Series A, Mathematical, physical, and engineering sciences","Extreme natural hazards: population growth, globalization and environmental change.",
0099-2240,dataset-623,,Applied and environmental microbiology,"16S rRNA phylogenetic investigation of the candidate division ""Korarchaeota"".",
1462-2912,dataset-623,,Environmental microbiology,Diversity of Synechococcus and Prochlorococcus populations determined from DNA sequences of the N-regulatory gene ntcA.,
1364-503X,dataset-623,,"Philosophical transactions. Series A, Mathematical, physical, and engineering sciences",Determining the contribution of Antarctica to sea-level rise using data assimilation methods.,
1364-503X,dataset-623,,"Philosophical transactions. Series A, Mathematical, physical, and engineering sciences",Mass balance of the Antarctic ice sheet.,
1095-9203,dataset-623,,"Science (New York, N.Y.)",Simulating Arctic climate warmth and icefield retreat in the last interglaciation.,
1364-503X,dataset-623,,"Philosophical transactions. Series A, Mathematical, physical, and engineering sciences",On the rate and causes of twentieth century sea-level rise.,
1567-133X,dataset-623,,Gene expression patterns : GEP,"Developmental expression of HpNanos, the Hemicentrotus pulcherrimus homologue of nanos.",
0272-4332,dataset-623,,Risk analysis : an official publication of the Society for Risk Analysis,Consortium for Atlantic Regional Assessment: information tools for community adaptation to changes in climate or land use.,
0177-5103,dataset-623,,Diseases of aquatic organisms,Changes in epizoic crustacean infestations during cetacean die-offs: the mass mortality of Mediterranean striped dolphins Stenella coeruleoalba revisited.,
0193-1849,dataset-623,,American journal of physiology. Endocrinology and metabolism,"Endocrine responses to acute and chronic high-altitude exposure (4,300 meters): modulating effects of caloric restriction.",
1476-4687,dataset-623,,Nature,Significant decadal-scale impact of volcanic eruptions on sea level and ocean heat content.,
1364-503X,dataset-623,,"Philosophical transactions. Series A, Mathematical, physical, and engineering sciences",Modelling waves and surges during the 1953 storm.,
0012-1606,dataset-623,,Developmental biology,"Brn1/2/4, the predicted midgut regulator of the endo16 gene of the sea urchin embryo.",
0179-5953,dataset-623,,Reviews of environmental contamination and toxicology,"Physical, chemical, and biological changes in the Gulf of Gdańsk ecosystem (southern Baltic sea).",
1476-4687,dataset-623,,Nature,Similar meltwater contributions to glacial sea level changes from Antarctic and northern ice sheets.,
0140-7775,dataset-623,,Journal of fish diseases,Nodavirus infections in Israeli mariculture.,
1055-7903,dataset-623,,Molecular phylogenetics and evolution,Patterns of lineage diversification in the genus Naso (Acanthuridae).,
1476-4687,dataset-623,,Nature,Mass and volume contributions to twentieth-century global sea level rise.,
0021-9746,dataset-623,,Journal of clinical pathology,Alpha0 thalassaemia as a result of a novel 11.1 kb deletion eliminating both of the duplicated alpha globin genes.,
1095-9203,dataset-623,,"Science (New York, N.Y.)",Modern global climate change.,
0962-1083,dataset-623,,Molecular ecology,Phylogeography of the harlequin beetle-riding pseudoscorpion and the rise of the Isthmus of Panamá.,
8750-7587,dataset-623,,"Journal of applied physiology (Bethesda, Md. : 1985)",Determinants of erythropoietin release in response to short-term hypobaric hypoxia.,
0013-936X,dataset-623,,Environmental science & technology,"Source regions for atmospheric aerosol measured at Barrow, Alaska.",
0036-8075,dataset-623,,"Science (New York, N.Y.)",Sea level rise during past 40 years determined from satellite and in situ observations.,
0036-8075,dataset-623,,"Science (New York, N.Y.)",Climate change. How fast are sea levels rising?,
0028-0836,dataset-623,,Nature,Stability of atmospheric CO2 levels across the Triassic/Jurassic boundary.,
0025-326X,dataset-623,,Marine pollution bulletin,"Coral bleaching and mortality on artificial and natural reefs in Maldives in 1998, sea surface temperature anomalies and initial recovery.",
0091-6765,dataset-623,,Environmental health perspectives,Climate variability and change in the United States: potential impacts on water- and foodborne diseases caused by microbiologic agents.,
0028-0836,dataset-623,,Nature,Recent mass balance of polar ice sheets inferred from patterns of global sea-level change.,
1095-9203,dataset-623,,"Science (New York, N.Y.)",Greenland Ice Sheet: High-Elevation Balance and Peripheral Thinning.,
0378-5955,dataset-623,,Hearing research,Gap junctional communication in the vibration-sensitive response of sea anemones.,
0002-9513,dataset-623,10.1152/ajpregu.1999.277.6.R1612,The American journal of physiology,Role of metallothionein against oxidative stress in the mussel Mytilus galloprovincialis.,https://doi.org/10.1152/ajpregu.1999.277.6.R1612
0020-7713,dataset-623,,International journal of systematic bacteriology,"Methanococcus vulcanius sp. nov., a novel hyperthermophilic methanogen isolated from East Pacific Rise, and identification of Methanococcus sp. DSM 4213T as Methanococcus fervens sp. nov.",
0018-067X,dataset-623,,Heredity,Mitochondrial DNA sequence variation and phylogeographical structure of rock partridge (Alectoris graeca) populations.,
1432-1939,dataset-623,10.1007/s004420050330,Oecologia,"Simulated sea level change alters anatomy, physiology, growth, and reproduction of red mangrove (Rhizophora mangle L.).",https://doi.org/10.1007/s004420050330
1432-1939,dataset-623,10.1007/BF00329032,Oecologia,"{'sub': '2', '#text': 'Elevated CO alters anatomy, physiology, growth, and reproduction of red mangrove (Rhizophora mangle L.).'}",https://doi.org/10.1007/BF00329032
0018-506X,dataset-623,,Hormones and behavior,Parental care and the prolactin secretion pattern in the King penguin: an endogenously timed mechanism?,
0269-7491,dataset-623,,"Environmental pollution (Barking, Essex : 1987)",Estimating the change of carbon in the terrestrial biosphere from 18 000 BP to present using a carbon cycle model.,
0036-8075,dataset-623,,"Science (New York, N.Y.)",Ocean warming and sea level rise along the southwest u.s. Coast.,
8750-7587,dataset-623,,"Journal of applied physiology (Bethesda, Md. : 1985)",Effects of acid-base status on acute hypoxic pulmonary vasoconstriction and gas exchange.,
0036-8075,dataset-623,,"Science (New York, N.Y.)",Rapid formation of ontong java plateau by aptian mantle plume volcanism.,
0034-5687,dataset-623,,Respiration physiology,Operation Everest II: cardiac filling pressures during cycle exercise at sea level.,
0172-4622,dataset-623,,International journal of sports medicine,The energetic significance of lactate accumulation in blood at altitude.,
1520-6300,dataset-623,10.1002/ajhb.1310020606,American journal of human biology : the official journal of the Human Biology Council,"{'sub': '2', '#text': 'Maternal O transport and fetal growth in Colorado, Peru, and Tibet high-altitude residents.'}",https://doi.org/10.1002/ajhb.1310020606
0036-8075,dataset-623,,"Science (New York, N.Y.)",Global sea level rise and the greenhouse effect: might they be connected?,
8750-7587,dataset-623,,"Journal of applied physiology (Bethesda, Md. : 1985)",Breathing pattern in hypoxic exposures of varying duration.,
0036-8075,dataset-623,,"Science (New York, N.Y.)",Contribution of small glaciers to global sea level.,
0036-8075,dataset-623,,"Science (New York, N.Y.)",Global sea level trend in the past century.,
0027-8424,dataset-623,,Proceedings of the National Academy of Sciences of the United States of America,Relative sea levels from tide-gauge records.,
0036-8075,dataset-623,,"Science (New York, N.Y.)",Geomorphic reconstructions in the environs of ancient troy.,
0036-8075,dataset-623,,"Science (New York, N.Y.)",Florida submergence curve revised: its relation to coastal sedimentation rates.,
0036-8075,dataset-623,,"Science (New York, N.Y.)","Geology of the Crust and Mantle, Western United States: Geophysical data reveal a thin crust and anomalous upper mantle characteristic of active regions.",
